Date,net_return
2005-05-02,-0.008644145542699684
2005-05-03,-0.0032997805138525013
2005-05-04,-0.009052132320920635
2005-05-05,0.003431645271613038
2005-05-06,-0.008600805061484449
2005-05-09,-0.004610674327997748
2005-05-10,0.01423589059092564
2005-05-11,-0.002433734184414796
2005-05-12,0.0035359426386430007
2005-05-13,-0.002276608144390936
2005-05-16,-0.006749749827450368
2005-05-17,-0.0033123655193692415
2005-05-18,-0.002361990286287984
2005-05-19,-0.007906920804209693
2005-05-20,-0.002875060979911869
2005-05-23,-0.0015434352636771419
2005-05-24,0.004420873820157935
2005-05-25,-0.0023887771450983052
2005-05-26,-0.005384656412663514
2005-05-27,0.0022437247446298594
2005-05-31,0.014014274224292474
2005-06-01,0.0021879059349819803
2005-06-02,-0.010413077966803306
2005-06-03,-0.005019775075979834
2005-06-06,-0.005207447814131329
2005-06-07,0.001870728822789677
2005-06-08,9.423888912340854e-05
2005-06-09,-0.0031169948488903904
2005-06-10,-0.014881449889789962
2005-06-13,-0.005358662406808825
2005-06-14,-0.005067332841618212
2005-06-15,-0.005578852508788451
2005-06-16,-0.007626176089255781
2005-06-17,-0.01501824317142855
2005-06-20,0.004964104005745666
2005-06-21,0.000740968358041153
2005-06-22,0.00882222132448502
2005-06-23,0.008537413706406724
2005-06-24,0.005376898695774751
2005-06-27,-0.0015484385031280775
2005-06-28,-0.00560799775997174
2005-06-29,0.001103112923685457
2005-06-30,0.009516004289313408
2005-07-01,-0.017493268562519714
2005-07-05,-0.002508200560677895
2005-07-06,-0.002951977469151334
2005-07-07,0.010655230669898562
2005-07-08,0.005228849555873907
2005-07-11,0.010684300586777013
2005-07-12,-0.0010760644288145445
2005-07-13,0.000869886601642918
2005-07-14,-0.0007338992644147111
2005-07-15,0.0038586364102147297
2005-07-18,-0.008292114777783858
2005-07-19,0.01109332266101169
2005-07-20,0.008719833867094965
2005-07-21,-0.007842370570806636
2005-07-22,0.008656582347497038
2005-07-25,-0.00632003503678279
2005-07-26,0.003593394210475113
2005-07-27,0.0017192585695884298
2005-07-28,0.01590548920326437
2005-07-29,-0.011717256436384698
2005-08-01,0.0070560401813898645
2005-08-02,0.014865681555277416
2005-08-03,0.007492995186898052
2005-08-04,-0.01628776805466345
2005-08-05,-0.019642185837891332
2005-08-08,-0.0027755738265529983
2005-08-09,0.021903740717126145
2005-08-10,0.0022374879938531836
2005-08-11,0.0169080532473348
2005-08-12,-0.00497632688857914
2005-08-15,0.0069006187989656236
2005-08-16,-0.018545019946420688
2005-08-17,-0.0036577582126806627
2005-08-18,-0.007370722890440597
2005-08-19,0.001651616967287991
2005-08-22,0.009597407423040315
2005-08-23,-0.004183087513700131
2005-08-24,-0.01566698187138306
2005-08-25,0.010189811774241345
2005-08-26,-0.007734392354357409
2005-08-29,0.01141655349064552
2005-08-30,-0.003610419889863929
2005-08-31,0.03309592043273757
2005-09-01,0.011490114057849022
2005-09-02,0.0020850573808043637
2005-09-06,0.014955161730472594
2005-09-07,-0.0025851982908493562
2005-09-08,-0.0018942082774617373
2005-09-09,0.017425233247611867
2005-09-12,-0.005366729149677304
2005-09-13,-0.009246988304791188
2005-09-14,-0.004051272689373105
2005-09-15,0.0021311423250511413
2005-09-16,0.013893197074712258
2005-09-19,-0.002434081543887158
2005-09-20,-0.004598805008030463
2005-09-21,0.005826559617118945
2005-09-22,-0.006381589622014875
2005-09-23,-0.00406384444267792
2005-09-26,0.007559688765156784
2005-09-27,-0.00614194988441087
2005-09-28,0.014453564071148756
2005-09-29,0.017559254568645665
2005-09-30,-0.003970595715437409
2005-10-03,-0.002478952761134138
2005-10-04,-0.010797081053061625
2005-10-05,-0.020854739063522025
2005-10-06,-0.00956487431253034
2005-10-07,0.010608023505505645
2005-10-10,-0.007468167476049359
2005-10-11,-0.0005845936775350914
2005-10-12,-0.021074011248763166
2005-10-13,0.001476380656989773
2005-10-14,0.007106429305826684
2005-10-17,0.005201580284982358
2005-10-18,-0.01878151102953261
2005-10-19,0.015631563527435752
2005-10-20,-0.030529716321863288
2005-10-21,0.01600366494819934
2005-10-24,0.022338278743494176
2005-10-25,-0.001324188590525262
2005-10-26,-0.0035815952790624606
2005-10-27,-0.015492942663232876
2005-10-28,0.017773661693868344
2005-10-31,0.004749602990231666
2005-11-01,-0.0021982239027349398
2005-11-02,0.009740897289036321
2005-11-03,0.0022293905242723416
2005-11-04,-0.005499337328633606
2005-11-07,0.0019302248779402022
2005-11-08,-0.00496448534103771
2005-11-09,0.009921116275161767
2005-11-10,-0.007273128114631099
2005-11-11,0.0033587971058983658
2005-11-14,0.0010040699873394975
2005-11-15,-0.0049832539782628405
2005-11-16,0.0018327331714632238
2005-11-17,0.008878470169057077
2005-11-18,0.004607502261769902
2005-11-21,0.0023165404903979147
2005-11-22,0.0015927464595415887
2005-11-23,0.0027214949922736535
2005-11-25,-0.003659168563928352
2005-11-28,0.0007618394468895002
2005-11-29,0.005148450522586671
2005-11-30,-0.006593342664442614
2005-12-01,0.028550619639657788
2005-12-02,0.002745708534316797
2005-12-05,0.005446185317166841
2005-12-06,-4.3339722369725546e-05
2005-12-07,-0.0025210808960645153
2005-12-08,-0.004286223667156055
2005-12-09,0.01480256131677797
2005-12-12,0.009229140890651803
2005-12-13,0.000295778532116096
2005-12-14,-0.014780244598027705
2005-12-15,-0.003739421037449083
2005-12-16,-0.004092719455633298
2005-12-19,-0.007652462005356814
2005-12-20,-0.00401310236851625
2005-12-21,0.009891767530175202
2005-12-22,0.006568893218959521
2005-12-23,-0.00194029346036208
2005-12-27,-0.012891009188601886
2005-12-28,0.010519685113983514
2005-12-29,-0.004709411619761219
2005-12-30,-0.004608195570544715
2006-01-03,0.03849403777820791
2006-01-04,0.010174668594738
2006-01-05,-0.00384563670121738
2006-01-06,0.023838836297348672
2006-01-09,0.008507457722830375
2006-01-10,-0.007335684711493496
2006-01-11,0.010828007707796638
2006-01-12,-0.008692284576523806
2006-01-13,0.005917641373352782
2006-01-17,-0.011291099531653304
2006-01-18,-0.015062141175699855
2006-01-19,0.02104738637182796
2006-01-20,-0.027965734995274764
2006-01-23,0.014241202902348434
2006-01-24,0.00623472416832981
2006-01-25,0.0021058120227515752
2006-01-26,0.011296112199424726
2006-01-27,0.010050820103244706
2006-01-30,0.004656186235775216
2006-01-31,-0.0021388818250607368
2006-02-01,0.0011314265889501578
2006-02-02,-0.012018268354628847
2006-02-03,-0.0055755598210887845
2006-02-06,0.004087530538703483
2006-02-07,-0.0175940323054696
2006-02-08,0.006410697214804894
2006-02-09,0.004316322142995517
2006-02-10,-0.005778094464031297
2006-02-13,-0.011964596003762602
2006-02-14,0.012804088348434967
2006-02-15,-0.0017885751288420392
2006-02-16,0.012751645808220144
2006-02-17,0.0011865421979702492
2006-02-21,-0.004712370967159368
2006-02-22,0.010725191221285141
2006-02-23,-0.004168682176463878
2006-02-24,0.0050551405469780345
2006-02-27,0.002416087613059014
2006-02-28,-0.00661441507603259
2006-03-01,0.008325848918108135
2006-03-02,-0.00021020776606906307
2006-03-03,-0.007550646561766359
2006-03-06,-0.00976823158424896
2006-03-07,-0.00923372656621992
2006-03-08,-0.0006438684728803891
2006-03-09,-0.0029970099699774978
2006-03-10,0.007011920673898691
2006-03-13,0.0037503502915225513
2006-03-14,0.014712010901054695
2006-03-15,0.003928966704700474
2006-03-16,0.00274180406359579
2006-03-17,0.00104055029539588
2006-03-20,0.001791643292715164
2006-03-21,-0.01031180589146977
2006-03-22,0.00588244148641093
2006-03-23,-0.00606481784385117
2006-03-24,0.008642033566546019
2006-03-27,0.0011071256469295896
2006-03-28,-0.010007419902953903
2006-03-29,0.011011897503536457
2006-03-30,0.006243075903003312
2006-03-31,-0.0033335565908696706
2006-04-03,0.006840944374693506
2006-04-04,0.007790269335377728
2006-04-05,0.005685973778761992
2006-04-06,0.001508000381721325
2006-04-07,-0.011636048781540571
2006-04-10,0.002289847158978542
2006-04-11,-0.007486287468770536
2006-04-12,0.001330887854657851
2006-04-13,0.003846120411626403
2006-04-17,0.006243410825627523
2006-04-18,0.019090704373436698
2006-04-19,0.011160870504059296
2006-04-20,-0.009432435534253157
2006-04-21,0.005014322972522986
2006-04-24,-0.004983338047095567
2006-04-25,0.002500892625791177
2006-04-26,0.006603670405674924
2006-04-27,0.0012371492858989663
2006-04-28,0.007009266390561875
2006-05-01,-0.0005945876816833318
2006-05-02,0.01025529692084635
2006-05-03,-0.0013859699638308046
2006-05-04,0.00891777456746484
2006-05-05,0.007489095962370473
2006-05-08,-0.0011641968310374296
2006-05-09,0.006830603967662015
2006-05-10,-0.0012930911998740766
2006-05-11,-0.006093488053824108
2006-05-12,-0.005173435537334047
2006-05-15,-0.015756503669373496
2006-05-16,4.048259717548495e-05
2006-05-17,-0.018132855782556336
2006-05-18,-0.010415464357299788
2006-05-19,0.0011414615730177856
2006-05-22,-0.012848756165293497
2006-05-23,-0.002037666598216841
2006-05-24,-0.004883105084887511
2006-05-25,0.015584559072214427
2006-05-26,0.0025034287466757983
2006-05-30,-0.011634177447165517
2006-05-31,0.006982464235975858
2006-06-01,-0.005427279137504429
2006-06-02,0.0030373481103927917
2006-06-05,-0.004711314699144279
2006-06-06,-0.007863103340581441
2006-06-07,-0.0049172650621515926
2006-06-08,-0.011655592708574846
2006-06-09,-0.003505803727904783
2006-06-12,-0.005585382240405737
2006-06-13,-0.018367769047364133
2006-06-14,0.008583668221940123
2006-06-15,0.014832804543043327
2006-06-16,0.00019903339094394553
2006-06-19,-0.007081361714342216
2006-06-20,0.005165781198317539
2006-06-21,0.008259500262425865
2006-06-22,-0.0015248492803802232
2006-06-23,-0.0008973148051583623
2006-06-26,0.005438174680887763
2006-06-27,-0.00611550732791925
2006-06-28,0.004185678691541644
2006-06-29,0.014230437057159857
2006-06-30,0.005062237303624474
2006-07-03,0.0068415968973191115
2006-07-05,-0.0014159091734674083
2006-07-06,0.0022285328476190714
2006-07-07,-0.004547717315705167
2006-07-10,-0.001963128792441187
2006-07-11,0.005650677516864756
2006-07-12,-0.0021172345374118667
2006-07-13,-0.0051311443946269325
2006-07-14,-0.0012932360614806068
2006-07-17,-0.01134462370161109
2006-07-18,0.0013184488778326068
2006-07-19,0.0053131336078379564
2006-07-20,-0.005509099968965753
2006-07-21,0.00015743546986897298
2006-07-24,0.002351730011096672
2006-07-25,-0.0003811904844375146
2006-07-26,0.0022199746557754634
2006-07-27,0.005483547118416353
2006-07-28,0.0018159143005326405
2006-07-31,0.00021242889778921403
2006-08-01,0.0003913992810756113
2006-08-02,-0.006679042465704485
2006-08-03,0.001626845823799405
2006-08-04,0.0007174481514255469
2006-08-07,-0.004546492302826851
2006-08-08,0.0032994902951843635
2006-08-09,-0.0001606639267661384
2006-08-10,0.0022130083297093326
2006-08-11,0.0017471732679170903
2006-08-14,0.0015391858026841323
2006-08-15,-0.0026792675281210945
2006-08-16,-0.0002868588231358137
2006-08-17,0.003163153387891113
2006-08-18,-0.0013029844566225372
2006-08-21,-0.0016389459916800121
2006-08-22,-0.0010955632508250434
2006-08-23,0.002938511945885018
2006-08-24,-0.003903852555333711
2006-08-25,-0.00045564147819139074
2006-08-28,0.005160907185396694
2006-08-29,0.0006268991364323629
2006-08-30,-0.004208186218597517
2006-08-31,-0.0017215360895659916
2006-09-01,0.004138941741529553
2006-09-05,0.0010321442138216176
2006-09-06,-0.0029844333509974016
2006-09-07,-0.004854059709759388
2006-09-08,0.0003336049962389541
2006-09-11,-0.006832267571612321
2006-09-12,0.006744670755040897
2006-09-13,0.0015745071402804248
2006-09-14,-0.002501382821971712
2006-09-15,0.0008744851785559143
2006-09-18,0.0027582869948066693
2006-09-19,0.0016518409763843873
2006-09-20,0.0059445661221698325
2006-09-21,0.001726335036791536
2006-09-22,0.0024410269305177425
2006-09-25,0.0014525705080320715
2006-09-26,0.0030261249042776374
2006-09-27,-0.0007726120480136571
2006-09-28,0.0006334946266327208
2006-09-29,-0.0022378680000138206
2006-10-02,0.0032430555187277165
2006-10-03,-0.0004233956334457117
2006-10-04,0.009203758075509622
2006-10-05,-0.0017378889833742487
2006-10-06,-0.007397900590094573
2006-10-09,0.0024716129916864888
2006-10-10,-0.0033700259523713164
2006-10-11,0.00012065582891164278
2006-10-12,0.005639069568311408
2006-10-13,0.0011021587551259995
2006-10-16,0.00272369441838544
2006-10-17,-0.0018657299294669396
2006-10-18,0.004067422576920198
2006-10-19,0.001102042723806861
2006-10-20,0.0011765065505572787
2006-10-23,-0.0017060982461942808
2006-10-24,0.0011548032980975157
2006-10-25,0.004134966154066782
2006-10-26,0.010124952364453144
2006-10-27,-0.002396089429263144
2006-10-30,0.006029924311589064
2006-10-31,0.00617362239900166
2006-11-01,-0.00517674739604153
2006-11-02,0.000714333990525671
2006-11-03,-0.015992189628125743
2006-11-06,0.007806486312523403
2006-11-07,0.009419754047750339
2006-11-08,0.0027954085486253596
2006-11-09,-0.0070432116329572185
2006-11-10,0.01098999085522361
2006-11-13,0.0033972781674031865
2006-11-14,0.010404655909891144
2006-11-15,-0.0027162353216918012
2006-11-16,0.005129299423808925
2006-11-17,0.0013658772111835235
2006-11-20,-0.00029235623967048026
2006-11-21,0.0007034873360799441
2006-11-22,0.009233752521934088
2006-11-24,-0.0007297625690922179
2006-11-27,-0.009218173671317269
2006-11-28,0.006217955014880707
2006-11-29,-9.850824883874515e-05
2006-11-30,0.0055763715566299705
2006-12-01,-0.0002375681772235548
2006-12-04,0.011261101296836497
2006-12-05,0.0008802856361516044
2006-12-06,-0.009712351178733637
2006-12-07,-0.0027430695601315495
2006-12-08,-0.010076277386233515
2006-12-11,0.010060256137237709
2006-12-12,0.0017293713165764228
2006-12-13,-0.006630121106472672
2006-12-14,0.0028227777268878367
2006-12-15,-0.009759687150162632
2006-12-18,-0.005483042621136821
2006-12-19,0.005472582145730903
2006-12-20,-0.0019012427421580048
2006-12-21,-0.0009235399653997679
2006-12-22,-0.005509251088044281
2006-12-26,0.00507356408014807
2006-12-27,0.005987194593982264
2006-12-28,-2.3022773298539932e-07
2006-12-29,0.0006816209807696016
2007-01-03,0.006244023510755245
2007-01-04,0.007532879631514869
2007-01-05,-0.02476986457220198
2007-01-08,0.006663058835692107
2007-01-09,0.00011077340578305515
2007-01-10,0.00143655768217807
2007-01-11,0.004187789523611021
2007-01-12,0.013559713516892533
2007-01-16,0.002717600695489666
2007-01-17,-0.0033824809497719744
2007-01-18,-0.0033712293174578785
2007-01-19,0.004465733413594846
2007-01-22,-0.0018954235333364846
2007-01-23,0.005182796437070682
2007-01-24,0.005864833553063996
2007-01-25,-0.018415057202181777
2007-01-26,-0.002876441419623457
2007-01-29,-0.0003474354381639475
2007-01-30,0.0028400469710301262
2007-01-31,0.014171612697484796
2007-02-01,0.007012063519570908
2007-02-02,-0.009431749256224944
2007-02-05,9.040886624813262e-05
2007-02-06,0.009431601232634774
2007-02-07,0.00850214578762732
2007-02-08,-0.0044767598490957974
2007-02-09,-0.01075932161723545
2007-02-12,-0.0022900845486766115
2007-02-13,0.007571174030395507
2007-02-14,0.025405432285516297
2007-02-15,0.003495133429595949
2007-02-16,-0.004978749202088666
2007-02-20,0.003764130876284362
2007-02-21,0.0011351493510412532
2007-02-22,-0.004234827874416376
2007-02-23,0.004098329091356826
2007-02-26,0.002220791100362604
2007-02-27,-0.041076943860567636
2007-02-28,0.005341343510817734
2007-03-01,-0.011252742152465535
2007-03-02,-0.012732949437925089
2007-03-05,-0.013909394918313014
2007-03-06,0.01894923085884265
2007-03-07,0.0028682327568088336
2007-03-08,0.006251540224888194
2007-03-09,-0.006164043691711665
2007-03-12,0.007941143119463579
2007-03-13,-0.012442470729964097
2007-03-14,0.003242193662292064
2007-03-15,0.002707529944404561
2007-03-16,0.003697666488557958
2007-03-19,0.007261841268304966
2007-03-20,0.007719376320037005
2007-03-21,0.015292607827756516
2007-03-22,-0.00675134327432033
2007-03-23,-0.0048600593355087795
2007-03-26,0.0038218492069802936
2007-03-27,-0.003054844015859667
2007-03-28,-0.0062604901255528195
2007-03-29,0.002095910140279866
2007-03-30,-0.0007853876439801745
2007-04-02,0.0013516520968445992
2007-04-03,0.005981569998891535
2007-04-04,0.008851891586446729
2007-04-05,0.0027072112243714717
2007-04-09,-0.007518531825121486
2007-04-10,0.010907360509484735
2007-04-11,-0.005798692025081678
2007-04-12,0.00778663152659775
2007-04-13,0.005712279177846738
2007-04-16,0.009261537264459595
2007-04-17,0.0016039075905906887
2007-04-18,0.0032875299564042986
2007-04-19,-0.005011457059400815
2007-04-20,0.010574350630625508
2007-04-23,-0.0007505268788537111
2007-04-24,0.000441240779022505
2007-04-25,0.00912914576829441
2007-04-26,-0.010461112347872966
2007-04-27,0.00402924741366565
2007-04-30,-0.004467295077553419
2007-05-01,-0.001196731883569639
2007-05-02,0.005272569470393078
2007-05-03,0.004572096185342614
2007-05-04,0.008889862836908855
2007-05-07,0.002493530593553681
2007-05-08,-0.00774412417948398
2007-05-09,-0.0004260043120162114
2007-05-10,-0.017548432710446656
2007-05-11,0.014001952877224172
2007-05-14,-0.0064475319891397044
2007-05-15,0.00230684669750476
2007-05-16,-0.0015333344435076632
2007-05-17,-0.007897614549271736
2007-05-18,0.004744283114843274
2007-05-21,0.0027197995127886208
2007-05-22,-0.006779669142601359
2007-05-23,0.0005355692940935574
2007-05-24,-0.012600228600168259
2007-05-25,0.007008819308382276
2007-05-29,0.0008160090976584648
2007-05-30,0.007170596658686731
2007-05-31,0.0060721317513795295
2007-06-01,0.005579846829211627
2007-06-04,0.0020639092044202625
2007-06-05,0.00031176016086589115
2007-06-06,-0.012249211808087463
2007-06-07,-0.012529106044790468
2007-06-08,0.00829831793134825
2007-06-11,0.00279806268242828
2007-06-12,-0.007663567757356999
2007-06-13,0.010944085463244779
2007-06-14,0.005491642446458854
2007-06-15,0.010518343685481787
2007-06-18,0.0019646813620999575
2007-06-19,-0.0030233633582130316
2007-06-20,0.0099153349932408
2007-06-21,-0.010267615363695753
2007-06-22,-0.004830078366333507
2007-06-25,-0.0062247162554826116
2007-06-26,-0.004937700337906796
2007-06-27,0.004550385910184547
2007-06-28,1.030083317489364e-05
2007-06-29,0.0038422391653230884
2007-07-02,0.006993134066668285
2007-07-03,0.00369478140215839
2007-07-05,0.005941813064108122
2007-07-06,0.007877733231670092
2007-07-09,0.0005528025259803203
2007-07-10,-0.01296545239966102
2007-07-11,0.008864944294540527
2007-07-12,0.012444596103358668
2007-07-13,0.0011287740034244022
2007-07-16,-0.006405697417851581
2007-07-17,0.0017185341813194218
2007-07-18,-0.003104965021413341
2007-07-19,0.004237254617725249
2007-07-20,-0.00890648569933497
2007-07-23,0.004148637234991043
2007-07-24,-0.017005670211016607
2007-07-25,0.0002531137843820451
2007-07-26,-0.025509790218527454
2007-07-27,-0.012272332780247659
2007-07-30,0.01341547906820725
2007-07-31,-0.011157835646091945
2007-08-01,-0.002962479844835777
2007-08-02,0.0043522115972209
2007-08-03,-0.004981545550430115
2007-08-06,-0.0023604809099370687
2007-08-07,0.003470790505366245
2007-08-08,0.0013113809964143534
2007-08-09,-0.0075880935450399895
2007-08-10,-0.004198359155194278
2007-08-13,0.0014037442640638088
2007-08-14,-0.0034885253849901007
2007-08-15,-0.005065710087953203
2007-08-16,0.0019260016878352238
2007-08-17,0.009486866597064447
2007-08-20,0.0004471547980706798
2007-08-21,0.003963267365894355
2007-08-22,0.006999584661378337
2007-08-23,-0.001597588490843942
2007-08-24,0.010143062552991048
2007-08-27,0.0009039371633977627
2007-08-28,-0.005978466918569438
2007-08-29,0.007930833234762638
2007-08-30,0.002947729227149554
2007-08-31,0.005341659008634651
2007-09-04,0.0032294368123704517
2007-09-05,0.004127699729703976
2007-09-06,0.0002106864486098799
2007-09-07,0.006912833139106338
2007-09-10,0.00476391318211327
2007-09-11,0.004784834214626807
2007-09-12,0.003414945913174386
2007-09-13,-0.003994996180834323
2007-09-14,-4.453629853013002e-05
2007-09-17,-0.0010929036881374243
2007-09-18,0.012610909333919904
2007-09-19,-0.0027402331940511106
2007-09-20,-0.006981218676056528
2007-09-21,0.0065807026092784
2007-09-24,0.0025657241035251426
2007-09-25,0.00218550882061153
2007-09-26,0.0019470952909888077
2007-09-27,0.00955600002853557
2007-09-28,0.0030737306529038597
2007-10-01,0.004420826334677823
2007-10-02,-0.013448587930935733
2007-10-03,-0.010549386477050456
2007-10-04,0.013163799139113206
2007-10-05,0.0039151016370561455
2007-10-08,-0.015297383760033853
2007-10-09,0.012281520138738209
2007-10-10,0.007193158519144122
2007-10-11,0.003730671046715876
2007-10-12,0.006664959614399927
2007-10-15,0.00375437380553369
2007-10-16,-0.004526020805836955
2007-10-17,0.010028356183392807
2007-10-18,0.020437531778801248
2007-10-19,-0.009149351500804948
2007-10-22,-0.007488177915677717
2007-10-23,0.01158777772154496
2007-10-24,0.008796826596820915
2007-10-25,0.011581854981739208
2007-10-26,0.021166024989750315
2007-10-29,0.013525604356723585
2007-10-30,-0.015308924465774414
2007-10-31,0.017977607580239943
2007-11-01,-0.011456993269101035
2007-11-02,0.019977105587406493
2007-11-05,-0.009927116252332394
2007-11-06,0.02188547674549887
2007-11-07,-0.004487138464408407
2007-11-08,-0.0021510148209512793
2007-11-09,-0.001965851483766057
2007-11-12,-0.03038366937687589
2007-11-13,0.013557919625704346
2007-11-14,0.007783462908325467
2007-11-15,-0.009717812894691208
2007-11-16,0.004435560425210433
2007-11-19,-0.0033613642052427
2007-11-20,0.024948825338594906
2007-11-21,-0.004412164391573492
2007-11-23,0.013519737354203313
2007-11-26,0.0019911100062649754
2007-11-27,-0.00961549562560527
2007-11-28,0.003860929144639262
2007-11-29,-0.003310467554533467
2007-11-30,-0.012688406668329062
2007-12-03,0.006276587980246462
2007-12-04,0.005137820155183162
2007-12-05,-0.008256592423880287
2007-12-06,0.006348025733901947
2007-12-07,-0.009047386379902687
2007-12-10,0.005992516180649047
2007-12-11,-0.00011062987149451729
2007-12-12,0.008185460477508268
2007-12-13,-0.017869952819508775
2007-12-14,-0.018629680385351302
2007-12-17,-0.0066355771039182145
2007-12-18,0.007822792631137901
2007-12-19,0.0059487878432167764
2007-12-20,0.00040077600908979265
2007-12-21,0.004227160687294568
2007-12-24,0.004065014185593506
2007-12-26,0.006480739235149029
2007-12-27,0.0062379280690317675
2007-12-28,0.013468416338895773
2007-12-31,-0.0026553466962773295
2008-01-02,0.02112712968116113
2008-01-03,0.003193089739557914
2008-01-04,0.001652355348295625
2008-01-07,-0.0074470465623553556
2008-01-08,0.006995427579736086
2008-01-09,-0.005536833260469914
2008-01-10,0.0049231931656572026
2008-01-11,0.0025572811764587337
2008-01-14,0.009374576549303175
2008-01-15,-0.000763264185764645
2008-01-16,-0.012893486412627747
2008-01-17,0.004620379558351829
2008-01-18,0.0009209311772023913
2008-01-22,0.003144105008804472
2008-01-23,-0.0042600772412178045
2008-01-24,0.006015479188200924
2008-01-25,0.006014592469873019
2008-01-28,0.005240314442652247
2008-01-29,-0.0018741833696565703
2008-01-30,0.0038840963226191823
2008-01-31,0.0003218101160862672
2008-02-01,-0.010368297420272971
2008-02-04,0.0021461638449851283
2008-02-05,-0.0010018837457256653
2008-02-06,0.0012960484973724815
2008-02-07,-0.008413422912976766
2008-02-08,0.015575345670114845
2008-02-11,0.0057890748778888675
2008-02-12,-0.009373609943865104
2008-02-13,-0.004823514056426564
2008-02-14,0.003939082820093862
2008-02-15,0.0012329110719391427
2008-02-19,0.007422604097466234
2008-02-20,0.003847477609391807
2008-02-21,0.007828964521017053
2008-02-22,0.0031308709586789674
2008-02-25,-0.007648745328369035
2008-02-26,0.010948143839795418
2008-02-27,0.008229638114598587
2008-02-28,0.01771147970593555
2008-02-29,0.00932006353868245
2008-03-03,0.006928876720191985
2008-03-04,-0.00927264095778346
2008-03-05,0.008897711857759349
2008-03-06,0.010300604367214881
2008-03-07,-0.0010075140379180265
2008-03-10,0.011153086275525607
2008-03-11,-0.013630234772134715
2008-03-12,0.021414883364956568
2008-03-13,0.002366271822627439
2008-03-14,0.010929913771854573
2008-03-17,0.0039301970712463
2008-03-18,-0.019038512929932534
2008-03-19,-0.004981060167697993
2008-03-20,-0.022622938422721863
2008-03-24,-0.0168726643823068
2008-03-25,0.018636127749860083
2008-03-26,0.01789941553619144
2008-03-27,0.0011321434662168051
2008-03-28,-0.002343217925302778
2008-03-31,-0.010717415105680474
2008-04-01,-0.02310480852299617
2008-04-02,0.009633536345781814
2008-04-03,-0.0010083838600397446
2008-04-04,0.008888775146787683
2008-04-07,-0.0012951965494127965
2008-04-08,-0.0007939894424737039
2008-04-09,0.012707745979431233
2008-04-10,-0.004727971630826672
2008-04-11,0.0066300653660215465
2008-04-14,-0.00043378514228772534
2008-04-15,-0.0019340946486875324
2008-04-16,-0.0006766042932805259
2008-04-17,-0.0036992636527024988
2008-04-18,-0.007613473857485326
2008-04-21,0.0015971583561795485
2008-04-22,0.00511956872462872
2008-04-23,-0.0064459159261415055
2008-04-24,-0.012947490120532241
2008-04-25,-0.0006471876776086678
2008-04-28,0.0021776323737089046
2008-04-29,-0.005516520078758586
2008-04-30,0.0044065011711615755
2008-05-01,-0.009481537976656856
2008-05-02,-0.00016334544890419947
2008-05-05,0.007577174737405403
2008-05-06,0.0027278699129901713
2008-05-07,-0.001453723119342957
2008-05-08,0.005496889940386537
2008-05-09,0.005673802518164864
2008-05-12,-0.0019379209458351503
2008-05-13,-0.004744698959328931
2008-05-14,-0.0035981447058987957
2008-05-15,0.004093853687814305
2008-05-16,0.006638935642172492
2008-05-19,-0.0011715476989980352
2008-05-20,0.009410393623161751
2008-05-21,0.008676569721069756
2008-05-22,-0.00816648198642794
2008-05-23,0.005680646781748524
2008-05-27,-0.00915494309259753
2008-05-28,-0.002133198895488035
2008-05-29,-0.01203240363071677
2008-05-30,0.003810462674398907
2008-06-02,0.0016327232331226692
2008-06-03,-0.005686326282340029
2008-06-04,-0.0023209626709213274
2008-06-05,0.008226604691090869
2008-06-06,0.012591222527713185
2008-06-09,-0.006009904320466168
2008-06-10,-0.006970187697588771
2008-06-11,0.008276278240250408
2008-06-12,-0.004109846128569925
2008-06-13,-0.002656442061984202
2008-06-16,0.003140201348816128
2008-06-17,0.0016735541885309682
2008-06-18,0.003429463671547354
2008-06-19,-0.004065771704632895
2008-06-20,0.004842077013317967
2008-06-23,-0.0022913087214737624
2008-06-24,0.001041913307365647
2008-06-25,0.0010165530280609387
2008-06-26,0.008985218977143453
2008-06-27,0.0020316800978750107
2008-06-30,-0.0027198666484911788
2008-07-01,0.005069818857085233
2008-07-02,0.011970518228401115
2008-07-03,-0.006633046087568673
2008-07-07,-0.001601008296508801
2008-07-08,-0.010746868896765188
2008-07-09,0.010032963223175831
2008-07-10,0.004866709330849411
2008-07-11,0.01129480617889022
2008-07-14,0.004506427715197187
2008-07-15,-0.0011758237042625787
2008-07-16,-0.014738997528276121
2008-07-17,-0.008955587135662458
2008-07-18,-0.002637161213196148
2008-07-21,0.004488439468788006
2008-07-22,-0.01149890326023409
2008-07-23,-0.011610269763375196
2008-07-24,0.008878034900137685
2008-07-25,-0.004421834926603382
2008-07-28,0.0082472635157133
2008-07-29,-0.01350531560044813
2008-07-30,0.000840094868125819
2008-07-31,0.003574200827505458
2008-08-01,-0.00035266768117942957
2008-08-04,-0.001826887283137848
2008-08-05,-0.014217767395476253
2008-08-06,-0.002244320892855231
2008-08-07,0.004032606972179554
2008-08-08,-0.017484825442136646
2008-08-11,-0.007928189618676536
2008-08-12,0.0021326627662231726
2008-08-13,0.00751739053055102
2008-08-14,-0.0084611750635337
2008-08-15,-0.008876601481147415
2008-08-18,0.005626493978237156
2008-08-19,0.007916100963263414
2008-08-20,-0.001542907058136077
2008-08-21,0.011224769073946143
2008-08-22,-0.013032040148762563
2008-08-25,0.0056389454786548564
2008-08-26,-0.0021512870865249413
2008-08-27,-4.024776610263241e-05
2008-08-28,-0.005727413987850512
2008-08-29,0.00023026230485030782
2008-09-02,0.008377347931032043
2008-09-03,0.00292550332067851
2008-09-04,0.014425308559912729
2008-09-05,-0.0004628205504094442
2008-09-08,-0.003046628304291449
2008-09-09,0.013364960333546732
2008-09-10,-0.0013684378032292905
2008-09-11,-0.0007071891702562388
2008-09-12,-0.011726465830910214
2008-09-15,0.01952722625379037
2008-09-16,0.0003318885489073071
2008-09-17,0.010065782095559785
2008-09-18,-0.017150470165421167
2008-09-19,-0.031035936748736687
2008-09-22,0.005761108367006654
2008-09-23,0.0064363173865228645
2008-09-24,0.0016594421747248382
2008-09-25,-0.007732392211929544
2008-09-26,0.0037795565048750444
2008-09-29,0.0337972022316958
2008-09-30,-0.014498541758425298
2008-10-01,0.002690588229850941
2008-10-02,0.019361838911352267
2008-10-03,0.0035992850318001986
2008-10-06,0.015848926751232333
2008-10-07,0.005880297319680147
2008-10-08,-0.0031095096500105245
2008-10-09,0.008778776925061028
2008-10-10,0.009672796612692018
2008-10-13,-0.03537787480554417
2008-10-14,0.0038440040641748766
2008-10-15,0.027099094063188892
2008-10-16,-0.005207749508364531
2008-10-17,0.004438440143841997
2008-10-20,-0.010647178497884241
2008-10-21,0.015357469686564845
2008-10-22,0.02028478274371569
2008-10-23,-0.002552694382128097
2008-10-24,0.01447029406321523
2008-10-27,0.00791944715635839
2008-10-28,-0.030799997299821216
2008-10-29,-0.005746191178713135
2008-10-30,-0.010246733924900171
2008-10-31,0.000605824603638197
2008-11-03,0.002827498219656205
2008-11-04,-0.013156241578185962
2008-11-05,0.01259918354700886
2008-11-06,0.010656704738824524
2008-11-07,-0.00590505001667411
2008-11-10,0.0005960623874588038
2008-11-11,0.010079928118325992
2008-11-12,0.012648073420778689
2008-11-13,-0.01984976356022674
2008-11-14,0.011329014504524934
2008-11-17,0.005197140927779654
2008-11-18,0.0021305583268404127
2008-11-19,0.01298166646800096
2008-11-20,0.017840064083624048
2008-11-21,-0.016226514389628292
2008-11-24,-0.020114395726491055
2008-11-25,0.006224171822636159
2008-11-26,-0.0031943142562332522
2008-11-28,0.006508001851577781
2008-12-01,0.016423137845571582
2008-12-02,-0.003699780684140313
2008-12-03,-0.000540333059416383
2008-12-04,0.007135895478850626
2008-12-05,-0.002827010799750835
2008-12-08,-0.009705955608556107
2008-12-09,0.005419361667942338
2008-12-10,-0.0055601854859415635
2008-12-11,-0.003156267603782161
2008-12-12,-0.0009132449112833294
2008-12-15,-0.000679013533846496
2008-12-16,-0.0046222982023242
2008-12-17,0.002496643109538456
2008-12-18,0.006591251809278997
2008-12-19,0.0031293212288113965
2008-12-22,0.0017245327949784077
2008-12-23,0.0010713250480426754
2008-12-24,-1.2676591475593694e-06
2008-12-26,-0.0015705269688116785
2008-12-29,-0.0005104726940956438
2008-12-30,-0.001437464731883079
2008-12-31,-0.006212380809428783
2009-01-02,-0.00907952825129117
2009-01-05,-0.0018407978605290425
2009-01-06,-0.0030194194526659895
2009-01-07,0.007025469458898927
2009-01-08,-0.00033126968992188734
2009-01-09,0.005527986620355008
2009-01-12,0.007586014036226724
2009-01-13,0.00022082543008142497
2009-01-14,0.005832012757014565
2009-01-15,-0.0007135838710823514
2009-01-16,-0.004881105887934714
2009-01-20,0.010203746730211575
2009-01-21,-0.009118342228939801
2009-01-22,0.0009828719269677618
2009-01-23,-0.003952521204524748
2009-01-26,-0.003143809153878293
2009-01-27,0.003297263127511745
2009-01-28,-0.006687259802987263
2009-01-29,0.0016606005723856872
2009-01-30,0.001739153819151131
2009-02-02,0.002938669148018543
2009-02-03,-0.005055965818957563
2009-02-04,0.0007111290946305143
2009-02-05,-0.0032833103198872437
2009-02-06,-0.004580996058026256
2009-02-09,-0.00024415838860947377
2009-02-10,0.009629105938147729
2009-02-11,0.0019536363337177352
2009-02-12,-0.0008969119637687378
2009-02-13,-0.0022057741088126735
2009-02-17,0.012583791430743582
2009-02-18,-0.0012897467165464739
2009-02-19,-0.003852776227025221
2009-02-20,0.0014859245459849116
2009-02-23,0.00433667778837918
2009-02-24,-0.007646889738440914
2009-02-25,-0.001841819160549801
2009-02-26,-0.0015203795343321377
2009-02-27,0.0018984160734804318
2009-03-02,0.011178149333313854
2009-03-03,-0.0015537996499808177
2009-03-04,-0.008675526230551825
2009-03-05,0.0082162058030516
2009-03-06,-0.003638052000567594
2009-03-09,0.002152525792927774
2009-03-10,-0.008193579537866688
2009-03-11,0.00097849986887847
2009-03-12,-0.006795300262427192
2009-03-13,-9.057340385228504e-05
2009-03-16,-0.0023851638127749654
2009-03-17,-0.005495267174129955
2009-03-18,-0.0022762479231063274
2009-03-19,-0.0029598253959638547
2009-03-20,0.0015438450433087854
2009-03-23,-0.010455929958448846
2009-03-24,0.004888681260869332
2009-03-25,-0.002573432279456512
2009-03-26,-0.002216584804022954
2009-03-27,0.0062869853000227455
2009-03-30,0.008109469028866794
2009-03-31,-0.0027499590879830373
2009-04-01,-0.00021641458237845406
2009-04-02,-0.01012411022262542
2009-04-03,-0.003353149606898328
2009-04-06,0.0016394153404446885
2009-04-07,0.0057158113413738
2009-04-08,-0.0009167191422080297
2009-04-09,-0.003913445010226269
2009-04-13,-0.001231296017995526
2009-04-14,0.0032398781935389876
2009-04-15,-0.00019812702378878456
2009-04-16,-0.0008800322819913177
2009-04-17,0.0013149324876091122
2009-04-20,0.008961187042017649
2009-04-21,-0.002630507702363979
2009-04-22,-0.00022025950709421747
2009-04-23,-0.0035721825911746584
2009-04-24,-0.003628132923994435
2009-04-27,0.004632307105037273
2009-04-28,-0.0011375222957401305
2009-04-29,-0.005044171751447947
2009-04-30,-0.0010344502364972642
2009-05-01,-0.0025031422650451055
2009-05-04,-0.0011269616933201987
2009-05-05,0.0003249218211662468
2009-05-06,-0.0027183748012330295
2009-05-07,-0.0009933802732924456
2009-05-08,-0.0012322454239774223
2009-05-11,0.0010240654464385034
2009-05-12,-0.000860485055558755
2009-05-13,0.0009839697047173551
2009-05-14,2.9340303056695787e-05
2009-05-15,0.0012952099323852695
2009-05-18,-0.002205921065622134
2009-05-19,-0.00015627618264113532
2009-05-20,-0.0006285959331444795
2009-05-21,-7.668185760186701e-05
2009-05-22,-0.0008909284701924685
2009-05-26,-0.001098767701701588
2009-05-27,-0.0016465307112945695
2009-05-28,-0.00013906169454272997
2009-05-29,-0.00014930845966725116
2009-06-01,0.002409062485396665
2009-06-02,0.001646451124964198
2009-06-03,-0.004677172578977856
2009-06-04,0.0034556586962705992
2009-06-05,-0.0035163525437979315
2009-06-08,-0.00033729320084483947
2009-06-09,0.0018857369420715781
2009-06-10,-0.000227892710863782
2009-06-11,0.0007178396627394875
2009-06-12,-0.003335314233992586
2009-06-15,-0.004474914245474429
2009-06-16,0.0003873319220067538
2009-06-17,0.0016030968594424179
2009-06-18,-0.00024259143577778827
2009-06-19,0.0005908009421072846
2009-06-22,-0.003965083127766291
2009-06-23,0.001270262957513434
2009-06-24,0.0008636626463163822
2009-06-25,0.0005861071768069267
2009-06-26,0.0006833154526510749
2009-06-29,-0.0005938675935100742
2009-06-30,-0.001541306706398965
2009-07-01,0.0013031036554337616
2009-07-02,-0.003862246541970936
2009-07-06,-0.001210755883735257
2009-07-07,-0.0029229047986957337
2009-07-08,-0.0017450924979896265
2009-07-09,0.002123499629938943
2009-07-10,-0.0015498585225584877
2009-07-13,0.0019858353039184577
2009-07-14,0.0010234622804707943
2009-07-15,0.006151542486688858
2009-07-16,4.9433044866390374e-05
2009-07-17,0.00138365948712935
2009-07-20,0.002583264091022344
2009-07-21,-0.0010557452851786434
2009-07-22,0.0012626118846784046
2009-07-23,0.0025791140167630467
2009-07-24,0.0002758395933769483
2009-07-27,0.001243694999064835
2009-07-28,-0.0019491431613938676
2009-07-29,-0.0033450345655888923
2009-07-30,0.001684575494049472
2009-07-31,0.0023553198547849683
2009-08-03,0.00545056274383486
2009-08-04,0.0015855834973725789
2009-08-05,0.0013997550781571597
2009-08-06,-0.002247275542333012
2009-08-07,-0.0019748339695391573
2009-08-10,-0.0025354732059585604
2009-08-11,-0.001980474532691155
2009-08-12,0.002660491634344282
2009-08-13,0.0024255126584205905
2009-08-14,-0.003847329799360332
2009-08-17,-0.00651526310697455
2009-08-18,0.00306020745451126
2009-08-19,0.001961036017259464
2009-08-20,0.00010435435586780182
2009-08-21,0.005161388966639829
2009-08-24,-0.0026232433811814527
2009-08-25,1.1889537355571072e-05
2009-08-26,-0.0009186577861222621
2009-08-27,0.002416669384860947
2009-08-28,0.0004486239955935986
2009-08-31,-0.002128004137143409
2009-09-01,-0.0023976167550059037
2009-09-02,0.0048031746036362784
2009-09-03,0.0005582647354217614
2009-09-04,0.0012436295299755153
2009-09-08,0.0041609797582556575
2009-09-09,0.0015870890796879705
2009-09-10,0.003905623994153548
2009-09-11,0.004347617549849905
2009-09-14,-0.0012021850327599024
2009-09-15,0.0006177128677933394
2009-09-16,0.0030532432193195705
2009-09-17,-0.0008412193039301782
2009-09-18,-0.0020328195101429834
2009-09-21,-0.00148471455425931
2009-09-22,0.0050943712548076935
2009-09-23,-0.0011089697615990124
2009-09-24,-0.0028077467155322904
2009-09-25,0.003194287247318416
2009-09-28,0.0012935948066467799
2009-09-29,-0.0017371012121458547
2009-09-30,0.001919929033399465
2009-10-01,-0.012009932040939376
2009-10-02,-0.0001813649580955307
2009-10-05,0.009793112962665806
2009-10-06,0.013502072088991134
2009-10-07,0.0023666713975014227
2009-10-08,0.006623190368809521
2009-10-09,-0.008645542145940242
2009-10-12,0.0036190873964775817
2009-10-13,0.002116617505907972
2009-10-14,0.007783636812198307
2009-10-15,-0.0076102205107898705
2009-10-16,-0.003216749682491543
2009-10-19,0.008239500987242611
2009-10-20,-0.0038827627917035444
2009-10-21,0.0005075617455380241
2009-10-22,0.0008824049129186152
2009-10-23,-0.006444715350645813
2009-10-26,-0.010897245984459179
2009-10-27,-0.004621328267448079
2009-10-28,-0.008656866163709984
2009-10-29,0.01140584656909268
2009-10-30,-0.007480892154159731
2009-11-02,0.004325965527565901
2009-11-03,0.0042195905127523515
2009-11-04,0.0060537589179572564
2009-11-05,0.0013248452078890537
2009-11-06,0.004672308635523571
2009-11-09,0.014804907744866317
2009-11-10,0.0002758657454730463
2009-11-11,0.004650416194648173
2009-11-12,-0.013440868167902735
2009-11-13,0.013837822858929462
2009-11-16,0.015092317046256869
2009-11-17,-0.0020731311151650964
2009-11-18,0.00043832674271989845
2009-11-19,-0.0052235814450626306
2009-11-20,-0.002704701454557219
2009-11-23,0.009712061880819077
2009-11-24,0.0018758005058003811
2009-11-25,0.014082174966132675
2009-11-27,-0.013695459859419876
2009-11-30,0.005510427731828406
2009-12-01,0.010014266263049455
2009-12-02,-0.0014840370330478376
2009-12-03,-0.006632435697094409
2009-12-04,-0.019417380095606528
2009-12-07,-0.0021893839412321396
2009-12-08,-0.008235912299171096
2009-12-09,0.0007666402250886943
2009-12-10,-0.0014626768059205126
2009-12-11,-0.00805322061342026
2009-12-14,0.00684163427541929
2009-12-15,-0.00882704858228077
2009-12-16,0.005617331851504538
2009-12-17,-0.01581538851352743
2009-12-18,0.0028957005575167916
2009-12-21,-0.008765754506242278
2009-12-22,-0.0022093897029813606
2009-12-23,0.007669662826097508
2009-12-24,0.005322892759216758
2009-12-28,0.0034611317405266765
2009-12-29,-0.00436005761909508
2009-12-30,-0.0017420998574502705
2009-12-31,-0.005226090060321416
2010-01-04,0.015943493666578813
2010-01-05,-0.0008133298053060646
2010-01-06,0.00954567751201766
2010-01-07,-0.0029144390258723507
2010-01-08,0.00443044462125309
2010-01-11,0.0022427225141065286
2010-01-12,-0.01642303538416429
2010-01-13,0.008434600335925715
2010-01-14,-0.0026542180882853286
2010-01-15,-0.011886419465642199
2010-01-19,0.009150740613725188
2010-01-20,-0.01955662516446545
2010-01-21,-0.014657597448008727
2010-01-22,-0.012128277115887157
2010-01-25,0.005762246107010106
2010-01-26,-0.006860137013028878
2010-01-27,-0.0022865330596080393
2010-01-28,-0.007687722754544153
2010-01-29,-0.01055792807134248
2010-02-01,0.010073338335620581
2010-02-02,0.005328276268227249
2010-02-03,-0.0028821813120447686
2010-02-04,-0.019038533225191556
2010-02-05,-0.0007659825687113262
2010-02-08,-0.004128795803116637
2010-02-09,0.00928018824344148
2010-02-10,-0.0015549363644146393
2010-02-11,0.009655575838143686
2010-02-12,-0.002070522059085711
2010-02-16,0.011988137852310283
2010-02-17,3.615024789532643e-05
2010-02-18,0.0034286578225371338
2010-02-19,-0.0008499844683635366
2010-02-22,-0.0003753778027439289
2010-02-23,-0.007185315830925551
2010-02-24,0.0029723110020806634
2010-02-25,0.0006268078134387037
2010-02-26,0.004552356462673032
2010-03-01,0.0026791184263082204
2010-03-02,0.003476968115241348
2010-03-03,0.002067934849584933
2010-03-04,-0.0006647799754472016
2010-03-05,0.006815849486684561
2010-03-08,0.00015641921180356314
2010-03-09,0.0008672613730994021
2010-03-10,0.0010068977722884078
2010-03-11,0.0004300497058753774
2010-03-12,-0.002932941525947017
2010-03-15,-0.0009085210475904058
2010-03-16,0.003645397882749151
2010-03-17,0.0018114117246189187
2010-03-18,0.0011001070731137656
2010-03-19,-0.004177382219705461
2010-03-22,0.0022947663207275675
2010-03-23,0.003287293189217186
2010-03-24,-0.002147916945661355
2010-03-25,0.00027477708826208127
2010-03-26,0.00011775154886730147
2010-03-29,0.004894525022768454
2010-03-30,0.00021740806533244767
2010-03-31,-0.0019874327181118815
2010-04-01,0.010522510478375302
2010-04-05,0.010877861621969371
2010-04-06,-0.00012677908418028377
2010-04-07,-0.0026390356597062615
2010-04-08,0.0008595692465861751
2010-04-09,0.003756539753858073
2010-04-12,-0.0037446925777520033
2010-04-13,-0.000107927553072791
2010-04-14,0.00941110710376337
2010-04-15,0.001395115258173244
2010-04-16,-0.01866010972772939
2010-04-19,-0.0008577128009196477
2010-04-20,0.0059118500390137
2010-04-21,0.0016550590279865724
2010-04-22,0.0013419125059632813
2010-04-23,0.007469456405579734
2010-04-26,-0.002624290590782423
2010-04-27,-0.014658028410462222
2010-04-28,0.004021856815244708
2010-04-29,0.01023587003405341
2010-04-30,-0.007080618936269067
2010-05-03,0.008109483252785958
2010-05-04,-0.024913082356329264
2010-05-05,-0.010757149180591626
2010-05-06,-0.01752180305111886
2010-05-07,-0.004902154534679002
2010-05-10,0.031717068676763396
2010-05-11,0.0038950028309699576
2010-05-12,0.01054063793164832
2010-05-13,-0.009165478947328413
2010-05-14,-0.014484170503773054
2010-05-17,-0.009171902932275745
2010-05-18,-0.005324129736735704
2010-05-19,-0.013071458241792245
2010-05-20,-0.029665771294827017
2010-05-21,0.009548318323940716
2010-05-24,-0.00012189062320187448
2010-05-25,-0.001094801880579976
2010-05-26,0.0023287632894082875
2010-05-27,0.029265989291908052
2010-05-28,-0.005815790885436396
2010-06-01,0.007041797719780726
2010-06-02,-0.005880934945587869
2010-06-03,-0.001516355571476946
2010-06-04,0.02190027789417135
2010-06-07,0.0069764565689410165
2010-06-08,-0.0076438408400392455
2010-06-09,-0.005350778352277038
2010-06-10,-0.01671371563699445
2010-06-11,0.008961145322783727
2010-06-14,-0.007061111799318819
2010-06-15,-0.007348098652088996
2010-06-16,0.002352073385980791
2010-06-17,0.0026778218789001427
2010-06-18,0.00027057228647882754
2010-06-21,-0.00245144446567916
2010-06-22,0.007457986280779143
2010-06-23,0.0024468988537666245
2010-06-24,-0.001992553956049853
2010-06-25,-0.004584346040031506
2010-06-28,0.0073145021606725626
2010-06-29,0.00925534565306654
2010-06-30,0.0003748330492274961
2010-07-01,-0.012790951229727322
2010-07-02,-0.00035829235651345067
2010-07-06,-0.0035536486836777715
2010-07-07,-0.010529363112758323
2010-07-08,-0.008234429165818057
2010-07-09,-0.0004056484701721677
2010-07-12,0.003123173995149906
2010-07-13,-0.010445954867457976
2010-07-14,0.003381778007074781
2010-07-15,-0.002092775154342522
2010-07-16,0.006999781067116128
2010-07-19,-0.0059119189097708354
2010-07-20,-0.0014580166376542915
2010-07-21,0.011690554935368313
2010-07-22,-0.01246597945177044
2010-07-23,-0.006142292479505463
2010-07-26,-0.003217782159458388
2010-07-27,-0.006624199673331783
2010-07-28,0.0038050858221277276
2010-07-29,-0.002956316302037075
2010-07-30,0.007003945584893789
2010-08-02,-0.004800632051785563
2010-08-03,0.002218760724288493
2010-08-04,-0.0004939066822529795
2010-08-05,0.0030579427333264323
2010-08-06,0.0048010138713729285
2010-08-09,-0.001091709614209594
2010-08-10,0.004553331333973834
2010-08-11,0.006641976166680488
2010-08-12,0.0015655515931492
2010-08-13,0.0040979982839553265
2010-08-16,0.00970221215026827
2010-08-17,-0.00270997687591131
2010-08-18,0.0014004273237926018
2010-08-19,0.004051460375040306
2010-08-20,-0.0006709509866506512
2010-08-23,0.0024022409847778473
2010-08-24,0.008154490370061341
2010-08-25,-0.0018630781813164803
2010-08-26,0.0006125682704610056
2010-08-27,-0.010019260998466145
2010-08-30,0.008399268601407817
2010-08-31,0.008396392712264823
2010-09-01,-0.011078566513373907
2010-09-02,-0.0021553350963155996
2010-09-03,-0.004618357775142774
2010-09-07,0.0115000693568647
2010-09-08,-0.0032360322264885265
2010-09-09,-0.007561297241570472
2010-09-10,-0.003911185787833026
2010-09-13,0.0026046730075615877
2010-09-14,0.008831371105600292
2010-09-15,-0.008795966481368747
2010-09-16,-0.001840097211639399
2010-09-17,0.002413610227405109
2010-09-20,0.000715413730566532
2010-09-21,0.008757944719605795
2010-09-22,0.0035266302330393697
2010-09-23,0.00198995681901514
2010-09-24,-0.005522844910892808
2010-09-27,0.006192009328633574
2010-09-28,0.005086206575971323
2010-09-29,-0.001317426871574072
2010-09-30,-0.0013708412370536927
2010-10-01,0.005588561678508579
2010-10-04,-0.003819166684559666
2010-10-05,0.018154279666749918
2010-10-06,0.007979209782930251
2010-10-07,-0.0061726371983992796
2010-10-08,0.012670162793720206
2010-10-11,0.00042944584243383654
2010-10-12,-0.00032737668532322427
2010-10-13,0.010284285360422824
2010-10-14,0.0006098894034968219
2010-10-15,-0.005754921700503963
2010-10-18,0.00621645553982815
2010-10-19,-0.02086574107179594
2010-10-20,0.013785011287816238
2010-10-21,-0.011780844125050231
2010-10-22,0.004189118379882885
2010-10-25,0.008486645589476226
2010-10-26,-0.006667220234399267
2010-10-27,-0.009922988885422155
2010-10-28,0.012384874844196371
2010-10-29,0.009919832097473198
2010-11-01,-0.0033951741837502545
2010-11-02,0.011418539883568102
2010-11-03,-0.001325423212917252
2010-11-04,0.025706359586075863
2010-11-05,-0.006993403341281705
2010-11-08,0.00358674422485078
2010-11-09,-0.01926944673155992
2010-11-10,0.004992471803592342
2010-11-11,-0.004995572741706833
2010-11-12,-0.02023254888695511
2010-11-15,-0.016030505660141237
2010-11-16,-0.006543080980693914
2010-11-17,0.0001725901584741815
2010-11-18,0.017345067036515185
2010-11-19,0.003291568650867899
2010-11-22,0.00517481456560467
2010-11-23,-0.0114341863489559
2010-11-24,-0.0013738443349032778
2010-11-26,-0.007891929560852953
2010-11-29,-0.0004591146255003639
2010-11-30,0.002313481852629522
2010-12-01,0.01190306403921461
2010-12-02,0.008349346794395428
2010-12-03,0.011850569773010498
2010-12-06,0.0026902031958910408
2010-12-07,-0.01160067809588589
2010-12-08,-0.0034330039790074806
2010-12-09,0.0024729866968713826
2010-12-10,-0.00011325082275154491
2010-12-13,0.008182992844702957
2010-12-14,-0.00211910899429214
2010-12-15,-0.01037087074714698
2010-12-16,0.0030390060763666447
2010-12-17,0.0029645289772954764
2010-12-20,0.0023768761465351963
2010-12-21,0.004378361058594598
2010-12-22,0.0011045852138739265
2010-12-23,0.001124382244615046
2010-12-27,0.0008849181150946496
2010-12-28,0.00452983469643582
2010-12-29,0.008041570771506246
2010-12-30,-0.0024867989077047817
2010-12-31,0.008433586342867472
2011-01-03,0.002558920073322741
2011-01-04,-0.00814133319392725
2011-01-05,-0.0021941147254379103
2011-01-06,-0.004922013900909004
2011-01-07,-0.0017352044614152447
2011-01-10,0.0028169793726418274
2011-01-11,0.004893153723096999
2011-01-12,0.008601245716022941
2011-01-13,-0.004553826314740445
2011-01-14,0.001008450307954811
2011-01-18,0.0036149550925790187
2011-01-19,-0.002742596368099179
2011-01-20,-0.013272668302682587
2011-01-21,0.0008809749722657146
2011-01-24,0.0013064695565693782
2011-01-25,-0.002504139614660635
2011-01-26,0.008586056027014071
2011-01-27,-0.007048541972548995
2011-01-28,-0.0006582870080321475
2011-01-31,0.006029547235229407
2011-02-01,0.01400952138703285
2011-02-02,-0.0008195272332433973
2011-02-03,0.0013656281885208663
2011-02-04,-0.0011782368803795891
2011-02-07,0.0006197758346782625
2011-02-08,0.00703451128464583
2011-02-09,-0.0035384241705896293
2011-02-10,-0.003582177142526498
2011-02-11,-0.0007543610125185173
2011-02-14,0.002737221730818728
2011-02-15,-0.004073734969942
2011-02-16,0.006559581496391903
2011-02-17,0.005927550353283094
2011-02-18,0.004586934910512467
2011-02-22,-0.00908409280175666
2011-02-23,0.00630273030066866
2011-02-24,-0.004800327767486101
2011-02-25,0.013045128036646923
2011-02-28,0.004006628166267265
2011-03-01,-0.00045572305010413715
2011-03-02,0.009419152061082264
2011-03-03,0.007371258749554734
2011-03-04,0.003853832417619755
2011-03-07,-0.0044701412924382945
2011-03-08,-0.0009183319037055588
2011-03-09,-0.0013346700707569862
2011-03-10,-0.024185924376063955
2011-03-11,0.010059856879211104
2011-03-14,0.0016706468843081458
2011-03-15,-0.02009489457593359
2011-03-16,-0.01224158091189939
2011-03-17,0.023585176134048272
2011-03-18,0.004205577115004762
2011-03-21,0.0155572446444963
2011-03-22,0.001911079342522423
2011-03-23,0.004084502096521042
2011-03-24,0.0074217270189008
2011-03-25,-0.0037045902833145157
2011-03-28,-0.00646074019689003
2011-03-29,0.00426656535803182
2011-03-30,0.0036232431830965986
2011-03-31,0.006629288615649504
2011-04-01,0.004619835794598578
2011-04-04,0.004202687756145145
2011-04-05,0.001731970919889365
2011-04-06,0.006762074940309718
2011-04-07,0.0006194921750098403
2011-04-08,0.012350932837108586
2011-04-11,-0.009908822446409477
2011-04-12,-0.009007222645079182
2011-04-13,0.004558589073799809
2011-04-14,0.008355928630151343
2011-04-15,0.003161233927716718
2011-04-18,-0.012430349037512008
2011-04-19,0.008163454051760902
2011-04-20,0.022083316312705017
2011-04-21,0.009680993579392859
2011-04-25,0.0004987077846620484
2011-04-26,0.0018577269597385765
2011-04-27,0.016086649580439153
2011-04-28,0.0014964235310671377
2011-04-29,0.004522466418431108
2011-05-02,-0.008965145368951691
2011-05-03,-0.010258244019158825
2011-05-04,-0.01210689751824285
2011-05-05,-0.039063730321618924
2011-05-06,-0.0002991861270992899
2011-05-09,0.018013085101349486
2011-05-10,0.007256374942995926
2011-05-11,-0.02570488642339103
2011-05-12,0.0007957192612286001
2011-05-13,-0.00789876069626585
2011-05-16,-0.007803144468301147
2011-05-17,0.0022125080362002596
2011-05-18,0.0111762977776551
2011-05-19,0.001351943832192946
2011-05-20,-0.004882865219160374
2011-05-23,-0.014950827156686745
2011-05-24,0.009505052667992274
2011-05-25,0.007168048191205601
2011-05-26,0.005884013343179549
2011-05-27,0.01120012717548631
2011-05-31,0.013229737847736012
2011-06-01,-0.009767092765058607
2011-06-02,0.000547071112798708
2011-06-03,0.004154177945301898
2011-06-06,-0.008813045204529751
2011-06-07,0.006611139899990248
2011-06-08,-0.0025048676935396814
2011-06-09,0.0012980773025866664
2011-06-10,-0.015471349615030269
2011-06-13,-0.0032908881088538713
2011-06-14,0.005825156398205406
2011-06-15,-0.016517557804599865
2011-06-16,0.0003672005713522069
2011-06-17,0.004276139591022554
2011-06-20,6.195533954352983e-05
2011-06-21,0.011503274741859294
2011-06-22,-0.004235912329277055
2011-06-23,-0.00766599991181566
2011-06-24,-0.010553774910372364
2011-06-27,0.001619049688911894
2011-06-28,0.0073335376957275435
2011-06-29,0.009419517159290205
2011-06-30,0.00469604043648408
2011-07-01,0.001620217379027062
2011-07-05,0.0018064391170726857
2011-07-06,-0.0007903560167976291
2011-07-07,0.00287667936628713
2011-07-08,0.0024925768488184095
2011-07-11,-0.008597743015455179
2011-07-12,0.0019645701331910508
2011-07-13,0.011098072904895812
2011-07-14,-0.0047252837294521665
2011-07-15,0.0048418831113832255
2011-07-18,-0.002908656895660835
2011-07-19,0.005075866384142708
2011-07-20,0.004203589164663521
2011-07-21,0.00606091066264223
2011-07-22,0.003520067750961789
2011-07-25,-0.0011759731649423548
2011-07-26,0.0072769660266412284
2011-07-27,-0.011377602431857438
2011-07-28,-0.0005290581007479402
2011-07-29,0.008463724067958828
2011-08-01,-0.0007256968402400949
2011-08-02,0.007373342396441674
2011-08-03,0.002574120117657141
2011-08-04,-0.010253467360583624
2011-08-05,-0.0031482948577287897
2011-08-08,0.005616592318765937
2011-08-09,0.01524818370991049
2011-08-10,0.0057036599118449926
2011-08-11,-0.007709094509775236
2011-08-12,0.0056323564851213205
2011-08-15,0.004003018198478484
2011-08-16,0.004392865455245123
2011-08-17,0.006693988798321224
2011-08-18,-0.0003158250364529101
2011-08-19,0.0026332077715170202
2011-08-22,0.002241214908486365
2011-08-23,-0.0031748647056561927
2011-08-24,-0.013746372135219231
2011-08-25,-0.00019131768316951064
2011-08-26,0.013735111496158536
2011-08-29,-0.0034207704462811206
2011-08-30,0.0094163370513765
2011-08-31,-0.0030884295194532597
2011-09-01,0.0022159383094839135
2011-09-02,0.011018127166499385
2011-09-06,-0.005521490761689693
2011-09-07,-0.006683404144031903
2011-09-08,0.002694281133425379
2011-09-09,-0.0004235198748176877
2011-09-12,-0.00444915832848564
2011-09-13,0.0006454863820287485
2011-09-14,0.0005745276817843424
2011-09-15,-0.005107158077818639
2011-09-16,0.0006628074602214898
2011-09-19,0.0017482085602953518
2011-09-20,0.0025889490314630836
2011-09-21,0.002061454319612554
2011-09-22,0.0007185474672366794
2011-09-23,-0.016571801917402828
2011-09-26,-0.00521362281534163
2011-09-27,0.00015973063613536028
2011-09-28,-0.004556582411880638
2011-09-29,0.0026219422179728203
2011-09-30,0.0011069228403791697
2011-10-03,0.015084458186816724
2011-10-04,-0.009265558768490757
2011-10-05,-0.006335431721624215
2011-10-06,-0.011411108844818808
2011-10-07,-0.0003095054751103968
2011-10-10,-0.014736785579872522
2011-10-11,-0.0004194385547936238
2011-10-12,-0.00788244947663283
2011-10-13,0.0035451502148540837
2011-10-14,-0.00967316271330688
2011-10-17,0.010944791635110912
2011-10-18,-0.006005135335190881
2011-10-19,0.004866093940664862
2011-10-20,-0.0017390054350792717
2011-10-21,-0.005470415444263646
2011-10-24,-0.0065493059337687525
2011-10-25,0.008730858601476453
2011-10-26,-0.0038008441226658105
2011-10-27,-0.019280718852032728
2011-10-28,0.004210522440993762
2011-10-31,0.01064055430387114
2011-11-01,0.010082217193368747
2011-11-02,-0.00359667182552202
2011-11-03,-0.004297297400527948
2011-11-04,0.001436739219384834
2011-11-07,0.0005837568199359836
2011-11-08,-0.0044669679892710284
2011-11-09,0.01230301431887504
2011-11-10,-0.004899501008554855
2011-11-11,-0.004754534445755366
2011-11-14,0.006219425613473808
2011-11-15,0.00014080987176748574
2011-11-16,0.0022349370855145267
2011-11-17,0.0030832052092507893
2011-11-18,-0.0014662792114116911
2011-11-21,0.0021106441294630827
2011-11-22,0.0012418553310526925
2011-11-23,0.007289741479373178
2011-11-25,-0.0011979903307700035
2011-11-28,-0.004663005205522652
2011-11-29,-0.0026966447417200367
2011-11-30,-0.007398369569098133
2011-12-01,-7.643600304230954e-05
2011-12-02,0.0024802100589213856
2011-12-05,-0.0009613576410875968
2011-12-06,-0.0009746407646240825
2011-12-07,0.0012446381374358322
2011-12-08,0.005201570728565516
2011-12-09,-0.005037120280638377
2011-12-12,0.005407550595943373
2011-12-13,0.0036707630348686393
2011-12-14,0.0034835867785990124
2011-12-15,-0.0015850842199398717
2011-12-16,0.0019472100188711772
2011-12-19,0.0038447450202709894
2011-12-20,-0.007526468113521027
2011-12-21,-0.0019540044248594576
2011-12-22,-0.0002882880365545419
2011-12-23,-0.0018259550478300004
2011-12-27,0.0014314646585914493
2011-12-28,0.005422038282591066
2011-12-29,-0.001339665916428391
2011-12-30,0.0014215642095773066
2012-01-03,-0.007119406499698218
2012-01-04,0.0007388944481125994
2012-01-05,0.00195436869404161
2012-01-06,0.0052483761507990355
2012-01-09,-0.001470361952046717
2012-01-10,-0.0022965127670605255
2012-01-11,0.003922765163087629
2012-01-12,-0.0027043817505014627
2012-01-13,0.005065550971197533
2012-01-17,-0.00035574264156297054
2012-01-18,-0.005040209948291083
2012-01-19,-0.0065403389593895874
2012-01-20,-0.003224121255673775
2012-01-23,-0.0035162586229546345
2012-01-24,-0.0017963707318226158
2012-01-25,-0.0016528594130783155
2012-01-26,0.003387510922268524
2012-01-27,0.0008659811484365639
2012-01-30,0.005851561102363966
2012-01-31,0.0035700842480035962
2012-02-01,-0.00501983450968287
2012-02-02,0.0003649364509964247
2012-02-03,-0.005486862585783291
2012-02-06,0.0017498134375863068
2012-02-07,-0.0053218665937179496
2012-02-08,-0.0002953233314281815
2012-02-09,-0.002521795760406537
2012-02-10,0.006849609332287702
2012-02-13,0.00018707617281527554
2012-02-14,0.0027058353413683682
2012-02-15,-1.4064547565355064e-05
2012-02-16,-0.0038129087012937443
2012-02-17,-0.0012560954675207487
2012-02-21,-0.004906040489177651
2012-02-22,0.0005772731905373258
2012-02-23,-0.0015863911489879517
2012-02-24,-0.0027477865734320947
2012-02-27,0.005102905175630673
2012-02-28,-0.0017720216931275826
2012-02-29,-0.00013498376801752586
2012-03-01,6.753536389875366e-05
2012-03-02,0.0005265402448355774
2012-03-05,-0.0025499572469464315
2012-03-06,-0.00352056089070302
2012-03-07,0.0023204206747965014
2012-03-08,0.0022590008539695866
2012-03-09,0.0016987856097624258
2012-03-12,-0.0008697610791881672
2012-03-13,0.004584922343210698
2012-03-14,-0.0040729694480420905
2012-03-15,0.0003874933965170398
2012-03-16,0.0012920640828764898
2012-03-19,-0.0008022547195981624
2012-03-20,-0.0007058282297943041
2012-03-21,0.002102274955511471
2012-03-22,-0.0024579222749070507
2012-03-23,0.002132197512691594
2012-03-26,0.0035357506756423626
2012-03-27,0.0024867403127490145
2012-03-28,-0.00279301337940984
2012-03-29,-0.0009007919565201519
2012-03-30,-0.002200154549638385
2012-04-02,0.005000275103587268
2012-04-03,-0.004057161094938333
2012-04-04,-0.01014136727547374
2012-04-05,0.0029451688458517287
2012-04-09,-0.004012725044345937
2012-04-10,-0.006963873536741454
2012-04-11,0.003633579309294207
2012-04-12,0.008209830135818025
2012-04-13,-0.008109219017896718
2012-04-16,-0.0031941441231944363
2012-04-17,0.007423251340755443
2012-04-18,-0.002510877315015712
2012-04-19,-0.002295700401458934
2012-04-20,0.001113706553293239
2012-04-23,-0.0059109218922998715
2012-04-24,0.0007353907873348586
2012-04-25,0.007602715229553846
2012-04-26,0.0035973831620984397
2012-04-27,0.0014776032556692597
2012-04-30,-0.001969354759046694
2012-05-01,0.0006327493109372908
2012-05-02,0.0024887333737927376
2012-05-03,-0.00218431230970521
2012-05-04,-0.005930374643064163
2012-05-07,0.0005583822168339826
2012-05-08,0.003861245869872691
2012-05-09,0.0009726181112901203
2012-05-10,-6.953090272793856e-05
2012-05-11,0.002442961423018469
2012-05-14,0.0032033685763691337
2012-05-15,0.004076107962115027
2012-05-16,0.0014516828769224129
2012-05-17,-0.00789382026560426
2012-05-18,-0.007390790692079557
2012-05-21,0.0058412971680175466
2012-05-22,0.002703869533619889
2012-05-23,0.0027017430324778624
2012-05-24,-0.0009444398310995252
2012-05-25,0.0006263221172391336
2012-05-29,0.003550495796550676
2012-05-30,0.0017759131108482699
2012-05-31,-0.0005632472781005186
2012-06-01,0.010133172963472952
2012-06-04,-0.01028288098950065
2012-06-05,-0.0023013751652478376
2012-06-06,-0.02256941480020021
2012-06-07,0.006922021241395684
2012-06-08,0.0042141301004561624
2012-06-11,0.010035349704222664
2012-06-12,-0.012315877981025663
2012-06-13,0.004431504336336807
2012-06-14,-0.008643865976270945
2012-06-15,0.0007360712792234307
2012-06-18,0.0055399253670271095
2012-06-19,-0.012437755857800431
2012-06-20,0.008023506182694857
2012-06-21,0.022834820827780683
2012-06-22,-0.010429671510865721
2012-06-25,0.007297721278702963
2012-06-26,-0.00204473056744283
2012-06-27,-0.0003647484549908009
2012-06-28,0.009268900100851626
2012-06-29,-0.040387997580123326
2012-07-02,0.006235997903309808
2012-07-03,-0.012826423946671238
2012-07-05,0.00988683715337949
2012-07-06,0.012846331679593337
2012-07-09,-0.0031938064693218305
2012-07-10,0.006444875212207854
2012-07-11,-0.004751123511641552
2012-07-12,0.003272609199025488
2012-07-13,-0.004324985820185082
2012-07-16,-0.002228975977024612
2012-07-17,-0.0036211345271422546
2012-07-18,-0.00044072771813773604
2012-07-19,-0.004612409297172004
2012-07-20,0.007958282337434034
2012-07-23,0.009237148943800651
2012-07-24,0.004246588629214127
2012-07-25,-0.0038103264927452666
2012-07-26,-0.007812998220781863
2012-07-27,-0.008486813255092677
2012-07-30,0.002533573464310399
2012-07-31,0.003843074883610679
2012-08-01,0.0028468446147772632
2012-08-02,0.008846648085550966
2012-08-03,-0.025433835033591475
2012-08-06,-0.00446106171260338
2012-08-07,-0.006556372611146391
2012-08-08,-0.0006063900817616322
2012-08-09,-1.9201225106778562e-05
2012-08-10,0.0012273883386643382
2012-08-13,0.0032239122113933687
2012-08-14,-0.003373909222923825
2012-08-15,-0.0038105003357711497
2012-08-16,-0.008745309148604736
2012-08-17,0.002258030047330133
2012-08-20,-0.003011813783555875
2012-08-21,-0.008486782199981587
2012-08-22,-0.0020980124479983136
2012-08-23,-0.0006550356000945734
2012-08-24,0.003005641792181286
2012-08-27,0.004685661646285876
2012-08-28,-0.0033957362170144046
2012-08-29,0.003474602014308345
2012-08-30,0.0053892704540320375
2012-08-31,-0.009914607804374918
2012-09-04,-0.0026518965823440948
2012-09-05,-0.0005063985399030199
2012-09-06,0.0015248914831232478
2012-09-07,-0.003913464573262434
2012-09-10,-0.0010430887896929568
2012-09-11,-0.002624985804062867
2012-09-12,-0.0021114451230663323
2012-09-13,0.0014192608212234047
2012-09-14,-0.005207793668616827
2012-09-17,0.002862974389809175
2012-09-18,0.0011954008227963986
2012-09-19,0.0009900678329963365
2012-09-20,0.001449749439003359
2012-09-21,0.00019595725328987442
2012-09-24,0.0017565885470557825
2012-09-25,-0.0011272327888926248
2012-09-26,0.0005966525763443631
2012-09-27,0.0002456536767081526
2012-09-28,-0.0016369011370920225
2012-10-01,0.0026143166311037866
2012-10-02,-0.0008778340505806275
2012-10-03,-0.0009890150690853908
2012-10-04,0.005246635895386209
2012-10-05,-0.007103477735160242
2012-10-08,-0.0022120902832658287
2012-10-09,-0.006191536212282444
2012-10-10,-0.0008930975785929759
2012-10-11,0.002128114868030164
2012-10-12,-0.004309739507907803
2012-10-15,-0.0013747163321455053
2012-10-16,0.003800887816517957
2012-10-17,-0.0012522089347195432
2012-10-18,-0.006208911674736313
2012-10-19,-0.010705135600297061
2012-10-22,-0.0007798544228518297
2012-10-23,-0.008477001526468774
2012-10-24,-0.003395447591180172
2012-10-25,0.001311946395905816
2012-10-26,0.004699773894203184
2012-10-31,0.0022299453420521033
2012-11-01,0.0018478143285246525
2012-11-02,-0.0005608002376738979
2012-11-05,0.0005025265208919204
2012-11-06,-0.0009284299832179526
2012-11-07,0.00040851084305507275
2012-11-08,-0.002436400495138916
2012-11-09,-0.0005822553540519649
2012-11-12,0.0005684952457060413
2012-11-13,-0.00038743970626943514
2012-11-14,-0.004081887936226342
2012-11-15,0.0014805966230785153
2012-11-16,-0.00041145834297933587
2012-11-19,0.0042755196399133725
2012-11-20,0.0020241532195798577
2012-11-21,0.0014276828949309876
2012-11-23,0.003617141881712337
2012-11-26,0.0001742957989439702
2012-11-27,0.0004052703883152762
2012-11-28,0.0020012305671309725
2012-11-29,0.0012588990850553794
2012-11-30,-0.0023784026210741547
2012-12-03,-0.0004881019542385957
2012-12-04,-0.001271592684957959
2012-12-05,0.003874783590812952
2012-12-06,0.0011702568854402443
2012-12-07,-0.0010973092888748278
2012-12-10,0.0035168676554171345
2012-12-11,0.004347968318211744
2012-12-12,0.003589528463295031
2012-12-13,-0.005475009303873104
2012-12-14,0.002336926265509524
2012-12-17,0.0019345513535069796
2012-12-18,0.003709088786121813
2012-12-19,-0.0025918341083164395
2012-12-20,-0.0014414548851990837
2012-12-21,-0.00566337897091478
2012-12-24,0.0007247395556991185
2012-12-26,0.002465937780491205
2012-12-27,0.005840966065993741
2012-12-28,-0.0036465655190756185
2012-12-31,0.009275582828152888
2013-01-02,0.01241022453246586
2013-01-03,-0.013518140298891507
2013-01-04,0.005359747206804906
2013-01-07,-0.0018897363726279271
2013-01-08,-0.006924771968275659
2013-01-09,0.0034266021397831243
2013-01-10,0.018641156771986824
2013-01-11,0.006498730257979872
2013-01-14,0.0052790561973686465
2013-01-15,-0.0066963056771402575
2013-01-16,-0.00432626633863642
2013-01-17,0.013983109894917446
2013-01-18,-0.002279091470908593
2013-01-22,-0.005021010649023979
2013-01-23,-6.766122264716706e-05
2013-01-24,0.006445851442504518
2013-01-25,0.007684273283725585
2013-01-28,-0.00390319492609962
2013-01-29,0.006551029258402996
2013-01-30,0.007130680780229214
2013-01-31,0.0008110991868518949
2013-02-01,0.01701653474767644
2013-02-04,-0.024758362627569225
2013-02-05,0.015896734702580496
2013-02-06,-0.005989016628242903
2013-02-07,-0.009677232574822624
2013-02-08,0.002002033529539874
2013-02-11,0.006083785334577019
2013-02-12,0.003208842075237659
2013-02-13,0.0036772059314855157
2013-02-14,-0.008625238625700915
2013-02-15,0.0015590554597070835
2013-02-19,0.007288556407564909
2013-02-20,-0.01773146138523852
2013-02-21,-0.020476196502500436
2013-02-22,0.008487743601221242
2013-02-25,-0.033695923496716434
2013-02-26,0.0062676560004823615
2013-02-27,0.014801228638337974
2013-02-28,-0.005606828422999496
2013-03-01,0.005161457537777036
2013-03-04,0.001669975481912648
2013-03-05,0.0027587683909209714
2013-03-06,0.0029229666826392983
2013-03-07,0.003456588406777274
2013-03-08,0.005009726607330898
2013-03-11,0.0006808790493456588
2013-03-12,-0.007619352302774621
2013-03-13,0.0014001762090958545
2013-03-14,0.0025829861326660862
2013-03-15,-0.004755510940041726
2013-03-18,-0.006736147503821352
2013-03-19,-0.0012991073002727753
2013-03-20,0.006542019043632999
2013-03-21,-0.011103126617699365
2013-03-22,0.004603954106403792
2013-03-25,-0.004602382561037703
2013-03-26,0.005036109568259655
2013-03-27,-0.0025330545363160756
2013-03-28,0.005619333203416546
2013-04-01,-0.007319050502638166
2013-04-02,0.013811637209546665
2013-04-03,0.0013329362856512334
2013-04-04,0.01197630520131478
2013-04-05,-0.006635153667086874
2013-04-08,0.008747628870168528
2013-04-09,-0.010396120545643801
2013-04-10,0.015521023536940869
2013-04-11,0.0006729057917078507
2013-04-12,0.01731572432445896
2013-04-15,0.03298717561096631
2013-04-16,-0.008748850114195409
2013-04-17,0.007218684576414032
2013-04-18,-0.007818762299016218
2013-04-19,0.006272120026215465
2013-04-22,-0.0040711600609330345
2013-04-23,0.015705247233994045
2013-04-24,-0.0045363307964543294
2013-04-25,-0.014270392186360498
2013-04-26,-0.0009832349654828841
2013-04-29,-0.008043189933489812
2013-04-30,-0.004319285340883906
2013-05-01,0.005809848906174609
2013-05-02,0.004897232649542824
2013-05-03,-0.003964621320936269
2013-05-06,0.0019930980539740392
2013-05-07,0.0021500501497992526
2013-05-08,-0.0011153337671830305
2013-05-09,0.0076796718149137995
2013-05-10,0.0032910540370452114
2013-05-13,0.0017701935049694666
2013-05-14,0.005140672363854439
2013-05-15,0.012575045564790204
2013-05-16,0.0011448854443658744
2013-05-17,0.008698200406976784
2013-05-20,-0.013762142145793955
2013-05-21,0.009977931358088268
2013-05-22,-0.005560082331982808
2013-05-23,-0.013223821617503483
2013-05-24,-0.0010369139116808796
2013-05-28,-0.0027962380263215373
2013-05-29,-0.006382091033417683
2013-05-30,-0.005470237126027947
2013-05-31,-0.002259361934028197
2013-06-03,-0.011151397111310577
2013-06-04,0.004512825943954097
2013-06-05,-0.0143460770183401
2013-06-06,-0.0047775549385845025
2013-06-07,0.020934677362248515
2013-06-10,0.005303088218372217
2013-06-11,-0.011747797295901585
2013-06-12,-0.0006920148015425003
2013-06-13,-0.002376588223612006
2013-06-14,-0.008817628941473265
2013-06-17,0.008660276372713016
2013-06-18,0.008179605223959146
2013-06-19,0.006530775990143973
2013-06-20,0.014424730111108277
2013-06-21,0.006423252435328739
2013-06-24,-0.0026934642000708935
2013-06-25,0.007357084962723016
2013-06-26,0.01074951192143023
2013-06-27,0.0016441598256052646
2013-06-28,-0.007069473506665707
2013-07-01,0.002241971013807014
2013-07-02,0.004201558219980783
2013-07-03,-0.0004917557551840335
2013-07-05,0.026526822507738086
2013-07-08,-0.004926760005775086
2013-07-09,-5.233885865437892e-06
2013-07-10,0.0038096854080806684
2013-07-11,-0.008669901831172264
2013-07-12,0.003196853003805771
2013-07-15,0.00022359384148063703
2013-07-16,-0.0046309536903902625
2013-07-17,0.004248022054611214
2013-07-18,0.0076741244187678815
2013-07-19,-0.008535394535668536
2013-07-22,-0.007937938752760592
2013-07-23,-0.0014592117095456039
2013-07-24,0.009799376718529568
2013-07-25,-0.0020845669717223132
2013-07-26,-0.00268187042306121
2013-07-29,0.0004250972837949238
2013-07-30,0.0021864618281540447
2013-07-31,-1.839280722704516e-05
2013-08-01,0.017820205933284386
2013-08-02,-0.0034656726144807574
2013-08-05,0.00196137321540286
2013-08-06,-0.0014312637785264168
2013-08-07,-0.006777650127536552
2013-08-08,-0.003665284957260709
2013-08-09,-0.0017545231098169026
2013-08-12,-0.0034466477479978227
2013-08-13,0.01129739083386148
2013-08-14,-0.00483331990927943
2013-08-15,-0.008554818943824333
2013-08-16,0.0012287736127095357
2013-08-19,0.0009467167393292167
2013-08-20,-0.002748826380588411
2013-08-21,0.0008438276143772336
2013-08-22,0.004593467389868244
2013-08-23,-0.004509104395017039
2013-08-26,-0.005177470153763295
2013-08-27,-0.014482172499681967
2013-08-28,0.005541618753586533
2013-08-29,-4.8182797998422896e-05
2013-08-30,-0.0014948111237208558
2013-09-03,0.0056250340660687626
2013-09-04,0.008499144710134174
2013-09-05,0.00370342774906879
2013-09-06,-0.0016532759871991094
2013-09-09,0.006146946687431815
2013-09-10,0.008561275582174734
2013-09-11,-0.000328441275979955
2013-09-12,0.005228202689364866
2013-09-13,-0.0006752869041954975
2013-09-16,0.002750400704330339
2013-09-17,0.0011154935631190678
2013-09-18,-0.001119369478217109
2013-09-19,0.001837753908698109
2013-09-20,0.002248791537455251
2013-09-23,-0.00634565703379196
2013-09-24,-0.0045518844585116834
2013-09-25,-0.0016921555350753147
2013-09-26,0.004135504999500771
2013-09-27,-0.0006780979565252076
2013-09-30,-0.0007120279656708969
2013-10-01,0.008363408027877594
2013-10-02,0.0024036481731344287
2013-10-03,-0.0057832622079176076
2013-10-04,0.0022589408592412676
2013-10-07,-0.008063961060280556
2013-10-08,-0.008659297236163016
2013-10-09,-0.0017581909961248872
2013-10-10,0.016025305844103863
2013-10-11,0.0061201406347746274
2013-10-14,0.007019840165863704
2013-10-15,-0.00837904767163674
2013-10-16,0.006559218328671958
2013-10-17,0.007244044760602962
2013-10-18,0.005893734625077698
2013-10-21,-0.0008665152005053072
2013-10-22,0.0024122696777434693
2013-10-23,-0.007388390174769745
2013-10-24,0.004658897532784342
2013-10-25,0.002518679843180223
2013-10-28,0.0007785619063118096
2013-10-29,-0.00016679213085006844
2013-10-30,-0.004119600922861341
2013-10-31,-0.008463826737332576
2013-11-01,-0.0014996122782212054
2013-11-04,0.005540160612074199
2013-11-05,-0.0038037675509491956
2013-11-06,0.005558120718392435
2013-11-07,-0.014796006256679688
2013-11-08,0.005190371583693386
2013-11-11,0.002453289691645492
2013-11-12,0.000816162929280003
2013-11-13,0.006033506791075865
2013-11-14,-2.6499610530287382e-05
2013-11-15,0.005839365590620213
2013-11-18,-0.000146223456498305
2013-11-19,0.000726462422623964
2013-11-20,-0.004877707099265411
2013-11-21,0.0029802601542639412
2013-11-22,0.005247050587648273
2013-11-25,-0.003221782065131279
2013-11-26,0.004057035070219538
2013-11-27,0.0018720134733425041
2013-11-29,0.0022846958129516173
2013-12-02,0.0022503754281217444
2013-12-03,-0.0035512140540942044
2013-12-04,-0.0039809738109465465
2013-12-05,0.004628258945380081
2013-12-06,0.012508261397296374
2013-12-09,0.0011738604156775786
2013-12-10,-0.00853873255729312
2013-12-11,-0.00833760052886422
2013-12-12,0.006149071929944674
2013-12-13,-0.0038055977709680836
2013-12-16,0.005529553484627312
2013-12-17,-0.0034194477040427823
2013-12-18,0.01688677281867855
2013-12-19,0.0015270451973744938
2013-12-20,-0.002228535003015816
2013-12-23,0.010343078119149973
2013-12-24,0.002413561158336799
2013-12-26,0.0029060776299029895
2013-12-27,0.0048884924669391535
2013-12-30,0.008192762207978382
2013-12-31,0.005713312700789787
2014-01-02,-0.028735622261338672
2014-01-03,-0.009770540347710526
2014-01-06,-0.004109215808587041
2014-01-07,0.00472987707866411
2014-01-08,0.001752919458259834
2014-01-09,-0.004033384096381969
2014-01-10,-0.0027609436048965223
2014-01-13,-0.017183925218162033
2014-01-14,0.01899776773251859
2014-01-15,0.003540411828510892
2014-01-16,-0.004079426479221075
2014-01-17,-0.01265194658879073
2014-01-21,0.009607911483697279
2014-01-22,0.005239273308275587
2014-01-23,-0.010461057373255903
2014-01-24,-0.027648558467218115
2014-01-27,-0.00018105756152991055
2014-01-28,0.0042596250115668425
2014-01-29,-0.018034043892080916
2014-01-30,0.009902165831687165
2014-01-31,-0.015898206365280103
2014-02-03,-0.014593573292642492
2014-02-04,-0.0004617231994145023
2014-02-05,-0.003967927949666321
2014-02-06,0.0031007064356048863
2014-02-07,-0.0021006290022311845
2014-02-10,0.0034400143587389334
2014-02-11,0.0007523256137336963
2014-02-12,-0.000469735251787945
2014-02-13,-0.004332049775761275
2014-02-14,-0.008575009651154188
2014-02-18,-0.00620365821781641
2014-02-19,-0.0006538319887623566
2014-02-20,-0.0009585022724724945
2014-02-21,0.001034676074878178
2014-02-24,-0.0013683666546096564
2014-02-25,0.002831388681023006
2014-02-26,0.005140242539929556
2014-02-27,0.00013227532203668026
2014-02-28,-0.0012942636125951664
2014-03-03,-0.014264901934263852
2014-03-04,0.010808005090349168
2014-03-05,0.0004132815565651636
2014-03-06,0.00815384527482365
2014-03-07,0.00023381511279437265
2014-03-10,-0.0010307374070819832
2014-03-11,-0.005208573271824434
2014-03-12,0.001470320981438994
2014-03-13,-0.011990770679165872
2014-03-14,-0.002276272616837398
2014-03-17,0.00913207516090951
2014-03-18,0.006260644747024383
2014-03-19,-0.008437105851221809
2014-03-20,-0.001818521997393812
2014-03-21,-0.0028013028691361345
2014-03-24,0.0020386675332850074
2014-03-25,0.0021947810048589937
2014-03-26,-0.004097733366269558
2014-03-27,-0.0033091194435506902
2014-03-28,0.004371336008011597
2014-03-31,0.00718410748475991
2014-04-01,0.004055601132714634
2014-04-02,-0.0027269797517853653
2014-04-03,-0.002977342316677437
2014-04-04,-0.00955797522484868
2014-04-07,-0.0032838889038452534
2014-04-08,0.00786631661212848
2014-04-09,0.014791197330806671
2014-04-10,-0.01575048276551388
2014-04-11,-0.005669348176381218
2014-04-14,0.0022052000637084266
2014-04-15,0.005813662280403396
2014-04-16,0.008592097761610717
2014-04-17,7.56800600891951e-05
2014-04-21,0.003406584047542584
2014-04-22,0.004093830482039799
2014-04-23,-0.0017007570137757575
2014-04-24,0.0028590294801084824
2014-04-25,-0.007785729032977296
2014-04-28,0.0035266968515305364
2014-04-29,0.003258159624651073
2014-04-30,0.0072199319745199055
2014-05-01,0.0004535004330481543
2014-05-02,-0.002113928635490916
2014-05-05,-0.0018054138002680533
2014-05-06,-0.0020162166995633143
2014-05-07,0.006636840491256657
2014-05-08,-0.006100622707918021
2014-05-09,-0.006816252533990239
2014-05-12,0.005369097292778865
2014-05-13,0.00355846438677812
2014-05-14,-0.0022526565889395955
2014-05-15,-0.0041566430764435145
2014-05-16,0.003286966742652968
2014-05-19,0.0012454952116991063
2014-05-20,-0.002553309317792042
2014-05-21,0.00800653038616674
2014-05-22,-9.019056591811486e-05
2014-05-23,0.005229964702257894
2014-05-27,0.007792636681003194
2014-05-28,-0.0043574164603960314
2014-05-29,0.004818805981505909
2014-05-30,0.0013537238977876112
2014-06-02,-0.0029413339533408515
2014-06-03,-0.004914642353740128
2014-06-04,0.00010306405715382859
2014-06-05,0.006785811237486495
2014-06-06,0.005381956978670256
2014-06-09,2.662214017617182e-05
2014-06-10,-0.003322518430947705
2014-06-11,-0.0029803233435519907
2014-06-12,-0.000791216905709515
2014-06-13,0.0003680580429217228
2014-06-16,0.0016097291880164798
2014-06-17,-0.005172853376169754
2014-06-18,0.011788824632896851
2014-06-19,-0.012683011475932324
2014-06-20,0.003378038939015972
2014-06-23,-0.0033636107510429257
2014-06-24,0.00039514267305731547
2014-06-25,0.004751566412494906
2014-06-26,0.0005870640033322379
2014-06-27,0.0024898828811587568
2014-06-30,0.0010103455485612008
2014-07-01,0.0014260096594542141
2014-07-02,-0.006387998711849096
2014-07-03,-0.0015048987912585831
2014-07-07,-0.004861857867170371
2014-07-08,-0.0031083698763053366
2014-07-09,0.002524864673541203
2014-07-10,-0.00029802644513325036
2014-07-11,-0.0023595695829713203
2014-07-14,-0.0015515928836601547
2014-07-15,-0.013664580962427689
2014-07-16,0.01002664029149538
2014-07-17,0.0034384902115033966
2014-07-18,0.00374437991057736
2014-07-21,0.005450142139621864
2014-07-22,0.0028747953007449254
2014-07-23,0.004213439890581286
2014-07-24,-0.011844801963368802
2014-07-25,0.006006670322080797
2014-07-28,-0.0016862751884194485
2014-07-29,-0.00607925994961059
2014-07-30,-0.0148331249335656
2014-07-31,-0.029975507123240687
2014-08-01,0.0010118830873184193
2014-08-04,0.004683578190723822
2014-08-05,-0.010340214444625797
2014-08-06,-0.004010137786584878
2014-08-07,0.00017240167033688957
2014-08-08,0.007552717979631353
2014-08-11,0.006114366116564919
2014-08-12,-0.002826326472414415
2014-08-13,0.009505611854081527
2014-08-14,0.007000630397333895
2014-08-15,0.003956563803432689
2014-08-18,0.004245815434771334
2014-08-19,0.0020491042891887905
2014-08-20,0.0022285030281219424
2014-08-21,0.004577725155106775
2014-08-22,0.0008969968701039377
2014-08-25,0.005557692044231665
2014-08-26,0.0012513331431284471
2014-08-27,0.004403253263197184
2014-08-28,-0.0006470278925372498
2014-08-29,0.004024933617067132
2014-09-02,0.011173635950526712
2014-09-03,-0.005492136494105574
2014-09-04,0.009235689974165035
2014-09-05,0.005784259366840117
2014-09-08,0.007695674832471794
2014-09-09,-0.00707007094775032
2014-09-10,0.010556689780884405
2014-09-11,-0.0012409736861565064
2014-09-12,-0.005204345231796965
2014-09-15,-0.005089540676372793
2014-09-16,-0.0025621413455991413
2014-09-17,0.010355335934676765
2014-09-18,0.01048000075585698
2014-09-19,0.012288223848666726
2014-09-22,-0.0027684065641424556
2014-09-23,-0.003329375427535369
2014-09-24,0.00628794331323044
2014-09-25,-0.00876782944963592
2014-09-26,0.01065360479502567
2014-09-29,-0.006092423532823294
2014-09-30,0.01698884828490483
2014-10-01,-0.002156110570036743
2014-10-02,-0.00752738995448027
2014-10-03,0.04020589342760103
2014-10-06,-0.02873218355446951
2014-10-07,-0.0007331778550473118
2014-10-08,0.006883612650214153
2014-10-09,0.0009628145054999631
2014-10-10,0.00012350329432156372
2014-10-13,-0.014822176009897062
2014-10-14,0.019264590448433965
2014-10-15,-0.009944949444927673
2014-10-16,-0.009443626936791943
2014-10-17,0.007989970049991812
2014-10-20,0.004504261016071647
2014-10-21,0.009826171078961879
2014-10-22,0.016106347972549142
2014-10-23,0.00093593648093884
2014-10-24,0.0071876923139703236
2014-10-27,0.00021589276682484893
2014-10-28,-0.0009522288044424205
2014-10-29,0.007317807833582365
2014-10-30,0.021626671977194204
2014-10-31,0.033672528523128104
2014-11-03,0.014809751270209094
2014-11-04,0.00346708883787076
2014-11-05,0.013977337293859433
2014-11-06,0.005391081723601229
2014-11-07,-0.010605676900932143
2014-11-10,0.010738180264725459
2014-11-11,-0.007559462173404592
2014-11-12,0.007332826875790526
2014-11-13,0.009429252409252346
2014-11-14,-0.014607846857804365
2014-11-17,0.006965842029143845
2014-11-18,0.0013962110055401257
2014-11-19,0.003513526914019753
2014-11-20,-0.004631222695730832
2014-11-21,0.005266500607597577
2014-11-24,0.005252213597218326
2014-11-25,0.0023587420425483377
2014-11-26,0.0031165413263738433
2014-11-28,0.04943037086964161
2014-12-01,-0.025994509811527688
2014-12-02,0.013509528202397003
2014-12-03,0.005591877336533173
2014-12-04,0.0013392908166582954
2014-12-05,0.010410982657647486
2014-12-08,0.003775217249333656
2014-12-09,-0.010770958544979989
2014-12-10,-0.002522245904927756
2014-12-11,0.012094288601386562
2014-12-12,0.0036936950258096273
2014-12-15,0.010601430898463573
2014-12-16,-0.0057395459979842295
2014-12-17,0.01392011643117003
2014-12-18,0.005255154315299894
2014-12-19,0.001901149590119612
2014-12-22,0.014473252069912715
2014-12-23,-0.006969932434922147
2014-12-24,0.0035693431215142206
2014-12-26,0.00010993248644292852
2014-12-29,0.012452062257321577
2014-12-30,-0.00883499151746543
2014-12-31,0.006687766060428445
2015-01-02,0.014289023012548642
2015-01-05,0.012287058769941598
2015-01-06,0.0034190117516813686
2015-01-07,0.0023112090792940785
2015-01-08,0.0022830602402173624
2015-01-09,-0.003509864328773246
2015-01-12,0.007539341026790382
2015-01-13,0.002726773100787741
2015-01-14,0.0036952083395014003
2015-01-15,0.0005882885143811325
2015-01-16,-0.009793142982685998
2015-01-20,0.00975070366417971
2015-01-21,-0.014333518400831375
2015-01-22,0.010717608741744556
2015-01-23,0.014495980843241772
2015-01-26,-0.005723039177309431
2015-01-27,-0.01452450818785764
2015-01-28,0.01896394009989815
2015-01-29,0.006082482710014154
2015-01-30,-0.00286433558079997
2015-02-02,-0.007860972311043758
2015-02-03,-0.018272296221761464
2015-02-04,0.011373714281301158
2015-02-05,-0.008662248028915185
2015-02-06,-0.00027155236820873097
2015-02-09,-0.0032675273529536478
2015-02-10,0.005555426152565163
2015-02-11,0.00578698582782146
2015-02-12,-0.01167171098513584
2015-02-13,-0.006032641043955624
2015-02-17,-0.006496218377568723
2015-02-18,0.005312167941398136
2015-02-19,0.0012450366463883215
2015-02-20,0.0011740245891628876
2015-02-23,0.008153659774381181
2015-02-24,0.002722042239586603
2015-02-25,-0.004176164612493056
2015-02-26,0.00740250640403392
2015-02-27,-0.0012932731440060932
2015-03-02,-0.0009588446252336513
2015-03-03,-0.0038092964471572576
2015-03-04,0.0037755833900978268
2015-03-05,0.004129345142883702
2015-03-06,0.004405972319563238
2015-03-09,0.0035376483181780508
2015-03-10,0.008977017278930192
2015-03-11,0.007082803571556064
2015-03-12,0.0003395013559557079
2015-03-13,0.008873261006960762
2015-03-16,0.0019510651987859296
2015-03-17,0.003987344161535927
2015-03-18,-0.01130270202889654
2015-03-19,0.011249817821926137
2015-03-20,-0.011542257969338506
2015-03-23,-0.011419920523894126
2015-03-24,0.005003156449784088
2015-03-25,-0.011097222030008885
2015-03-26,-0.00638760008227715
2015-03-27,0.00939402522140187
2015-03-30,0.00791360853722256
2015-03-31,0.003528146680361776
2015-04-01,-0.004483427648541468
2015-04-02,-0.003907800677918272
2015-04-06,-0.006771613262529084
2015-04-07,0.004532134349047187
2015-04-08,0.009429690263707472
2015-04-09,0.004771676079068225
2015-04-10,-0.0012228046735274457
2015-04-13,0.003082588004239945
2015-04-14,-0.0010245788338602768
2015-04-15,-0.006513589845167738
2015-04-16,-0.005148111558948074
2015-04-17,-0.0027220298761704274
2015-04-20,0.005223504496897591
2015-04-21,0.00043477476787432616
2015-04-22,-0.00012315427075418014
2015-04-23,-0.004582217227204957
2015-04-24,0.005228328718969423
2015-04-27,-0.004443259284721869
2015-04-28,-0.007573731865563749
2015-04-29,-0.009824787120610438
2015-04-30,-0.0066690709896425815
2015-05-01,0.007139270689498234
2015-05-04,-0.0007018345357466489
2015-05-05,-0.011204137632430758
2015-05-06,-0.008178519517187255
2015-05-07,0.007402644609626127
2015-05-08,0.008904195514742955
2015-05-11,-0.002567696352335889
2015-05-12,-0.006424091196195655
2015-05-13,-0.007915801004359057
2015-05-14,0.0039523365348141885
2015-05-15,0.0018320961854919398
2015-05-18,0.0017611888871488666
2015-05-19,0.00912517762637971
2015-05-20,0.002122687005422271
2015-05-21,0.0014686411368414714
2015-05-22,0.0033023403545493915
2015-05-26,0.004250048930102908
2015-05-27,0.007457174496373403
2015-05-28,-0.0033095246938150604
2015-05-29,-0.006282099253762766
2015-06-01,0.00584540137054772
2015-06-02,-0.013556566617932756
2015-06-03,-0.0010353986301514862
2015-06-04,0.0019054683630740372
2015-06-05,0.004097458126682818
2015-06-08,-0.011976419681060427
2015-06-09,-0.004244711522239421
2015-06-10,-0.004030911521433281
2015-06-11,0.008271665460146859
2015-06-12,-0.0016903755447681072
2015-06-15,-0.0023032480888157836
2015-06-16,0.0016924122232112983
2015-06-17,-0.004081084935126566
2015-06-18,-0.0004192920018397766
2015-06-19,0.002719380665802192
2015-06-22,0.0037352833574595713
2015-06-23,0.004668362338174335
2015-06-24,-0.00048183011336608804
2015-06-25,-0.002369970469882764
2015-06-26,-0.0009835354004702355
2015-06-29,-0.012634100682495073
2015-06-30,-0.0007166406773957884
2015-07-01,0.007481369176032412
2015-07-02,-0.00024073938819222732
2015-07-06,0.0008157563931979151
2015-07-07,0.007579779962919004
2015-07-08,-0.008291684511542257
2015-07-09,-0.0012255625462936847
2015-07-10,0.004830378282958396
2015-07-13,0.007517935040164107
2015-07-14,0.0027242284062912858
2015-07-15,0.005504239882071465
2015-07-16,0.005464634066473495
2015-07-17,0.005173585196891754
2015-07-20,0.008156452837201594
2015-07-21,-0.002958650826848044
2015-07-22,0.0008109556507522774
2015-07-23,0.0003023369876229704
2015-07-24,-0.0030602476883988742
2015-07-27,-0.0008294374128236206
2015-07-28,0.0017241742191011055
2015-07-29,0.0008690396265208057
2015-07-30,0.004012406591303464
2015-07-31,-0.0007316931084107288
2015-08-03,0.007872644035338265
2015-08-04,0.0016084417342090446
2015-08-05,0.004675065108306594
2015-08-06,-0.006084419344594107
2015-08-07,-0.0029103460442529883
2015-08-10,-0.010703645707755166
2015-08-11,0.0017876044621089387
2015-08-12,-0.007554629407856531
2015-08-13,0.005832176714952919
2015-08-14,0.004987972685742374
2015-08-17,0.003534244292475147
2015-08-18,-0.0025042328214438525
2015-08-19,-0.003874816094140151
2015-08-20,-0.013542606047111033
2015-08-21,-0.014942445495863143
2015-08-24,-0.01762959557125396
2015-08-25,0.0041967918068318375
2015-08-26,0.02856039942279606
2015-08-27,-0.004553009066152938
2015-08-28,-0.004781150037795881
2015-08-31,-0.01364534263557432
2015-09-01,0.018327569103794926
2015-09-02,-0.008537770706619843
2015-09-03,-0.001123380704034803
2015-09-04,0.011387361373207306
2015-09-08,-0.011931330759146501
2015-09-09,0.009252487721535047
2015-09-10,-0.006012452153913143
2015-09-11,0.002707450913342966
2015-09-14,0.004680191674710772
2015-09-15,-0.007082558642255267
2015-09-16,-0.014508508589904375
2015-09-17,0.0030218056942732017
2015-09-18,0.009279055032905425
2015-09-21,-0.005319554668155782
2015-09-22,0.011692009303869329
2015-09-23,0.004290135377146958
2015-09-24,-0.004293444309574246
2015-09-25,-0.001677370441276038
2015-09-28,0.016889220837343386
2015-09-29,5.010570188433472e-05
2015-09-30,-0.006347028276329437
2015-10-01,-0.00035281858075586963
2015-10-02,-0.013889961021807621
2015-10-05,-0.012080862297631044
2015-10-06,-0.006112508338391524
2015-10-07,-0.0054970652250044575
2015-10-08,-0.0026799598099910772
2015-10-09,-0.0032980853897871267
2015-10-12,0.004300234612368064
2015-10-13,0.0039623907431239865
2015-10-14,-0.0035602252016757995
2015-10-15,-0.007256900407538153
2015-10-16,-0.00043605183847962397
2015-10-19,0.005310190960810391
2015-10-20,-0.0016656675995678203
2015-10-21,0.007812748411757938
2015-10-22,-0.009635366594940284
2015-10-23,-0.00408080183167169
2015-10-26,0.0024052963652022763
2015-10-27,0.0016668297528212373
2015-10-28,-0.00857984624560076
2015-10-29,0.004342940298132741
2015-10-30,-0.0009300243256994122
2015-11-02,-0.001317670754888446
2015-11-03,-0.002963629032130253
2015-11-04,0.007691941621137073
2015-11-05,0.001393730400807573
2015-11-06,0.004168116146012996
2015-11-09,0.0038384237944166177
2015-11-10,0.0004677715233932635
2015-11-11,0.0001972700925851694
2015-11-12,0.0061069662803961465
2015-11-13,0.005171620913987574
2015-11-16,-0.0031018720636467466
2015-11-17,0.004965378075354708
2015-11-18,-0.0014028152849059321
2015-11-19,-0.0026176064202951517
2015-11-20,0.001113793743253681
2015-11-23,0.0014407994821035563
2015-11-24,-0.004755325531873605
2015-11-25,0.0018743613539646867
2015-11-27,0.00810202156420459
2015-11-30,0.0024151339032363788
2015-12-01,-0.0022614214413316227
2015-12-02,0.008397184537212717
2015-12-03,-0.03062508618358643
2015-12-04,0.004943484719918072
2015-12-07,0.019538350250888802
2015-12-08,0.0023734672718388502
2015-12-09,-0.006780922495435879
2015-12-10,0.005059737384007427
2015-12-11,0.007933512131504571
2015-12-14,0.00013125032266010964
2015-12-15,0.0027135290045946095
2015-12-16,-0.003448361224376262
2015-12-17,0.01715261393915968
2015-12-18,-0.009327588680126453
2015-12-21,-0.0052031331870594135
2015-12-22,-0.002013918249922249
2015-12-23,-0.005520707511004267
2015-12-24,-0.0008448033023550911
2015-12-28,0.005803122445559831
2015-12-29,-0.004181986020760162
2015-12-30,0.0038392769838643303
2015-12-31,0.0015804127542004946
2016-01-04,-0.00021039947192230807
2016-01-05,0.0038283579906194646
2016-01-06,0.0012656847223459055
2016-01-07,-0.006303534038159319
2016-01-08,0.004769511743025831
2016-01-11,0.011203764980731515
2016-01-12,0.0028934174115774845
2016-01-13,-0.006625723385823437
2016-01-14,0.006338649191470579
2016-01-15,-0.003679513443105574
2016-01-19,0.003248949167252541
2016-01-20,0.005581238912119131
2016-01-21,-0.004705060672159787
2016-01-22,-0.006135056149747032
2016-01-25,0.0028003852646099046
2016-01-26,-0.009810271146598406
2016-01-27,-0.006426199590422416
2016-01-28,-0.00410532116275948
2016-01-29,0.004156431332791475
2016-02-01,0.00018374015468741527
2016-02-02,0.01668015859048555
2016-02-03,-0.021031640656557524
2016-02-04,-0.001787143343795607
2016-02-05,0.008165562664537319
2016-02-08,0.007362222428568364
2016-02-09,0.00576792023600403
2016-02-10,0.0030526311899107127
2016-02-11,-0.00023699104365097602
2016-02-12,-0.01159699387436318
2016-02-16,0.0029520679376933054
2016-02-17,-0.012170352206547719
2016-02-18,0.0044800452781348764
2016-02-19,0.002130020109783097
2016-02-22,-0.002493405943760171
2016-02-23,0.008444146066606156
2016-02-24,-0.0017263257376149471
2016-02-25,-0.003759124101864383
2016-02-26,0.005517731914616161
2016-02-29,0.00028875272765147383
2016-03-01,-0.019702677565181032
2016-03-02,-0.002287934524342234
2016-03-03,-0.0008193000440420311
2016-03-04,-0.009597403928202991
2016-03-07,-0.001633317491108617
2016-03-08,0.010971516111685098
2016-03-09,-0.009923122057560275
2016-03-10,0.00015045209369743127
2016-03-11,-0.013413532290829028
2016-03-14,0.0019010597466341097
2016-03-15,0.004978221593905434
2016-03-16,-0.0027479854375157386
2016-03-17,-0.0032163036880116574
2016-03-18,-0.0010995280295151362
2016-03-21,-0.003472009386730137
2016-03-22,-0.000807611415508186
2016-03-23,0.007093622364420389
2016-03-24,0.00021614014439874364
2016-03-28,-0.0007143433050812248
2016-03-29,0.002222339714898866
2016-03-30,-0.005729074488799074
2016-03-31,0.004412250347645093
2016-04-01,0.004576242475642955
2016-04-04,0.0025126371983309683
2016-04-05,0.005763451919699338
2016-04-06,-0.0032799482927671595
2016-04-07,0.007142812822032253
2016-04-08,-0.004559208720233458
2016-04-11,0.0018997388548571378
2016-04-12,-0.006181143530465647
2016-04-13,-0.004986661008212834
2016-04-14,-0.0038348741451485055
2016-04-15,0.006985624501234198
2016-04-18,-0.0004907777668438252
2016-04-19,0.00020185893853540154
2016-04-20,-0.010943773558446137
2016-04-21,0.00031387717095990287
2016-04-22,-0.009231602763175788
2016-04-25,0.0026324336704477186
2016-04-26,-0.0022567213396418174
2016-04-27,0.0014662034069483337
2016-04-28,0.012918830294332955
2016-04-29,0.007756799544975333
2016-05-02,-0.003269465164251615
2016-05-03,0.005428945902002176
2016-05-04,-0.0011086166241362568
2016-05-05,-0.001057501341577128
2016-05-06,0.000622905193958759
2016-05-09,-0.005594749486105884
2016-05-10,-0.004026944147373027
2016-05-11,0.006850109597514766
2016-05-12,-0.007018858646260049
2016-05-13,0.003215559941320817
2016-05-16,-0.004714504469788678
2016-05-17,0.00040519688343535
2016-05-18,-0.01404769166767658
2016-05-19,-0.0023468302119708006
2016-05-20,-0.00019922873515970804
2016-05-23,0.001964792514644257
2016-05-24,-0.008797083988635278
2016-05-25,-0.0009188525427966929
2016-05-26,0.0032974572752975783
2016-05-27,-0.004909259811764272
2016-05-31,0.004640066625891351
2016-06-01,0.006625660900131945
2016-06-02,0.003175368901997412
2016-06-03,0.02287053991799906
2016-06-06,-0.002198630938201519
2016-06-07,0.0005472816359756661
2016-06-08,0.006473304400224809
2016-06-09,-0.00014182687073936083
2016-06-10,0.00010693733933378477
2016-06-13,0.014114929565303629
2016-06-14,-0.0047723949925541345
2016-06-15,0.0042659579450540904
2016-06-16,0.008158595167823713
2016-06-17,-0.0011061070758033727
2016-06-20,-0.002051326579411938
2016-06-21,-0.012116268473981357
2016-06-22,-0.0008116149170104394
2016-06-23,-0.0011728482244807853
2016-06-24,0.007823188166703503
2016-06-27,0.0017781055382310946
2016-06-28,0.0027758270262115917
2016-06-29,0.0004231711469714316
2016-06-30,0.004795089806952044
2016-07-01,0.011768011098704415
2016-07-05,0.00464085956424192
2016-07-06,0.003458310713853274
2016-07-07,-0.00563591634438497
2016-07-08,0.009182087301992112
2016-07-11,-0.009765049488633222
2016-07-12,-0.008032546791290845
2016-07-13,0.004581372277738545
2016-07-14,-0.005677145013212824
2016-07-15,-0.0041178858252437075
2016-07-18,-0.0008574098701408969
2016-07-19,0.0007275949273482601
2016-07-20,-0.00789361335128989
2016-07-21,0.006535997641016658
2016-07-22,-0.003088049140547779
2016-07-25,-0.002670078976838681
2016-07-26,0.0034919897688525546
2016-07-27,0.006916939463777289
2016-07-28,-0.0019029587125771496
2016-07-29,0.01138764036668194
2016-08-01,-0.0051233932054368485
2016-08-02,-0.003760219781388976
2016-08-03,-0.0018643061383169883
2016-08-04,0.003711180610136558
2016-08-05,-0.007817049433809693
2016-08-08,-0.00011952911478041927
2016-08-09,0.006698628351277318
2016-08-10,0.006396705148292887
2016-08-11,-0.005505933975678404
2016-08-12,0.0012661050941924483
2016-08-15,-0.0017265007115013884
2016-08-16,0.0005220756546678784
2016-08-17,0.0003602521009972243
2016-08-18,0.0042436477766587865
2016-08-19,-0.007210376084672583
2016-08-22,0.00029386666969613757
2016-08-23,-0.000255349081609296
2016-08-24,-0.005238658745412125
2016-08-25,-0.002239651421114782
2016-08-26,-0.006371168562334092
2016-08-29,0.006652541392589366
2016-08-30,-0.005894086947299086
2016-08-31,-0.0012833575581820925
2016-09-01,0.005966322249807098
2016-09-02,0.0044187785049385085
2016-09-06,0.02001369713045941
2016-09-07,-0.0021082071874062207
2016-09-08,-0.010529481901612549
2016-09-09,-0.02270369977847447
2016-09-12,0.008501035410547222
2016-09-13,-0.01608563980990712
2016-09-14,0.0044454432925642275
2016-09-15,0.0057955018165367165
2016-09-16,-0.0026565246203277353
2016-09-19,0.002876505984236073
2016-09-20,0.002661582101318703
2016-09-21,0.01714696615634391
2016-09-22,0.0066518555379645765
2016-09-23,-0.0046879074340973065
2016-09-26,-0.0037171614207587955
2016-09-27,0.005430220417201723
2016-09-28,-0.00043165309309553404
2016-09-29,-0.007757177915225164
2016-09-30,0.000553757890328995
2016-10-03,-0.0027657300343949137
2016-10-04,-0.009627975020142274
2016-10-05,0.0005419320414915216
2016-10-06,-0.0037443765731943208
2016-10-07,0.0008130316825559669
2016-10-10,0.0008809052587286024
2016-10-11,-0.008056595318145274
2016-10-12,-0.0009687018611020668
2016-10-13,-0.001080062677239265
2016-10-14,-0.0018738363192020758
2016-10-17,-4.3163391599579444e-05
2016-10-18,0.006568250578892505
2016-10-19,0.002037665313631502
2016-10-20,-0.001216393171032179
2016-10-21,0.0006341508168937372
2016-10-24,0.0023898337682539106
2016-10-25,0.0002502172468602234
2016-10-26,-0.003933763548519624
2016-10-27,-0.004945073457205595
2016-10-28,-7.007456589936987e-05
2016-10-31,0.0027378310400483557
2016-11-01,-0.004320042547805565
2016-11-02,-0.004038816498957418
2016-11-03,-0.008221067927600844
2016-11-04,-0.002267113521045516
2016-11-07,0.014974430622634118
2016-11-08,0.0038526195707308114
2016-11-09,-0.002328142000885355
2016-11-10,-0.00722681553413098
2016-11-11,-0.0029220341561881124
2016-11-14,-0.0003017986802970557
2016-11-15,0.006788673499311052
2016-11-16,0.004540944193587767
2016-11-17,0.003425430070799195
2016-11-18,-0.000125664450670714
2016-11-21,0.0010963414980196665
2016-11-22,0.004768251767014579
2016-11-23,0.00044428329689962675
2016-11-25,-0.00011075406023159379
2016-11-28,-0.000605494290034272
2016-11-29,-0.0004610841083822713
2016-11-30,-0.0013658656782091741
2016-12-01,-0.0034856446613683403
2016-12-02,-0.0006576813677347626
2016-12-05,-0.003833830087777194
2016-12-06,0.003359511487145131
2016-12-07,-0.0012542775436766565
2016-12-08,0.012801771224831353
2016-12-09,0.010610815535747864
2016-12-12,-0.0045104953682405515
2016-12-13,0.002987769538951548
2016-12-14,0.010408443438206428
2016-12-15,0.008526443342209764
2016-12-16,-0.00306466866296077
2016-12-19,-0.0002212924956633951
2016-12-20,0.005837504361510964
2016-12-21,-0.0033633442283229455
2016-12-22,0.00158985506485422
2016-12-23,0.002505365047111955
2016-12-27,0.005712141686118554
2016-12-28,0.0007040283406402285
2016-12-29,-0.006856852199169849
2016-12-30,-0.007465368355914283
2017-01-03,0.01453436253546089
2017-01-04,0.004956362492342368
2017-01-05,-0.017794843727831126
2017-01-06,0.0032824352437061527
2017-01-09,-0.008688325118227366
2017-01-10,-0.0006692406502259512
2017-01-11,-0.006718148332912141
2017-01-12,0.0006150816203377152
2017-01-13,0.0020761146959201475
2017-01-17,-0.005651598604858139
2017-01-18,0.006858031256793404
2017-01-19,-0.0006662340725283784
2017-01-20,0.0011335287620124214
2017-01-23,-0.0047918895724385485
2017-01-24,0.004799362888471648
2017-01-25,0.005105052814344178
2017-01-26,0.008514030556357223
2017-01-27,-0.0030285619374693035
2017-01-30,-0.00697114800516303
2017-01-31,-0.0056136958436641005
2017-02-01,0.010135848209457054
2017-02-02,0.002204998811067594
2017-02-03,0.003958915628828964
2017-02-06,-0.00852929427286432
2017-02-07,0.0006886936787644362
2017-02-08,-0.003102790926652585
2017-02-09,0.01192801921807543
2017-02-10,0.007321478018976596
2017-02-13,0.00546477840524404
2017-02-14,0.007880486443004707
2017-02-15,0.004951079067704755
2017-02-16,-0.008936749224528178
2017-02-17,0.002126202978692812
2017-02-21,0.013930819902690475
2017-02-22,-0.0051295645386662606
2017-02-23,-0.0007752661258919125
2017-02-24,-0.007595962194660147
2017-02-27,0.003426868708784844
2017-02-28,-0.004239931182778739
2017-03-01,0.019907722392820276
2017-03-02,-0.010673336564699952
2017-03-03,0.0009721903985167187
2017-03-06,-0.0013247358669596309
2017-03-07,-0.0050035739128571005
2017-03-08,-0.01318677398641085
2017-03-09,-0.002260763902542643
2017-03-10,-0.005804879797387688
2017-03-13,0.011186847652720239
2017-03-14,-0.004887527380300008
2017-03-15,0.009424211107120863
2017-03-16,-0.002803543985597079
2017-03-17,-0.003709983721333182
2017-03-20,-0.0019070939365463907
2017-03-21,-0.013675264970097904
2017-03-22,-0.0004559611274470546
2017-03-23,-0.00145450597099819
2017-03-24,-0.0023907059504891808
2017-03-27,0.00243211058696081
2017-03-28,0.011339490475843695
2017-03-29,0.005987757033279653
2017-03-30,0.006355192775633848
2017-03-31,0.000672022188708011
2017-04-03,0.0008764773625490278
2017-04-04,0.0016333326360853005
2017-04-05,-0.004885128857759274
2017-04-06,0.0034245838528141094
2017-04-07,0.0006689974183005955
2017-04-10,-0.001492485707650554
2017-04-11,-0.001248165738407021
2017-04-12,-0.0035583634639713723
2017-04-13,-0.005712233933633565
2017-04-17,0.008314328609758531
2017-04-18,-0.008581381806377457
2017-04-19,-0.0014720859050473005
2017-04-20,0.010434992067162974
2017-04-21,-0.0011357676486010446
2017-04-24,0.013889361162365789
2017-04-25,0.007796045408612316
2017-04-26,-0.001659876514752627
2017-04-27,0.0025605573991884616
2017-04-28,-0.0008795383096357186
2017-05-01,0.01265110067999329
2017-05-02,0.006306837956552095
2017-05-03,0.002279265958590424
2017-05-04,0.008724257612627837
2017-05-05,0.0032856425765066155
2017-05-08,0.007443454040987352
2017-05-09,0.007526414506203759
2017-05-10,-0.0005591896831289568
2017-05-11,-0.0015599522467744582
2017-05-12,-0.005042818051084062
2017-05-15,0.0026210448333805697
2017-05-16,-0.0011737780315862947
2017-05-17,-0.024807567009843292
2017-05-18,0.004795306461744292
2017-05-19,0.005654832519547289
2017-05-22,0.006577108518177574
2017-05-23,0.007187002349542572
2017-05-24,0.0034809627852645463
2017-05-25,0.009351728484089246
2017-05-26,-0.00580478754490177
2017-05-30,-0.002484986599905145
2017-05-31,0.003475957471091455
2017-06-01,0.00883045594814761
2017-06-02,0.01902599297889131
2017-06-05,0.0016893482773499785
2017-06-06,0.0033634631767144466
2017-06-07,0.0037532408193772936
2017-06-08,-0.0022789662894102383
2017-06-09,-0.015732043914626008
2017-06-12,-0.004793763693082801
2017-06-13,0.006148825582098298
2017-06-14,0.003717193064509001
2017-06-15,-0.013560914165427073
2017-06-16,0.003348696666109096
2017-06-19,0.008019452870702796
2017-06-20,-0.002558787706334748
2017-06-21,0.009219564181393516
2017-06-22,0.0011014966393417414
2017-06-23,0.005321057380010772
2017-06-26,-0.00785585778536973
2017-06-27,-0.0065422504675409976
2017-06-28,0.010259818461651176
2017-06-29,-0.014872057633333075
2017-06-30,-0.009009103397952713
2017-07-03,-0.0054857593687187315
2017-07-05,0.009550712930666847
2017-07-06,-0.0060478904811927785
2017-07-07,0.008644168281883944
2017-07-10,0.0004505027022809016
2017-07-11,0.0017139675271204227
2017-07-12,0.011465702000429779
2017-07-13,0.00022717596977318085
2017-07-14,0.005038533961904635
2017-07-17,0.0006370072473862302
2017-07-18,0.007091868116636252
2017-07-19,-0.0006307103804798795
2017-07-20,0.019183875290966435
2017-07-21,0.0027844170125884827
2017-07-24,-0.0012761087078047384
2017-07-25,-0.009932099448921653
2017-07-26,0.00356281557713222
2017-07-27,-0.006779104395585597
2017-07-28,0.004169561938744851
2017-07-31,0.002037229567685368
2017-08-01,-0.00016570011813630376
2017-08-02,0.0041681858292071765
2017-08-03,0.0018237892003213439
2017-08-04,-0.002106244606184336
2017-08-07,0.011404062980535777
2017-08-08,-0.006894638679337148
2017-08-09,-0.004237793948094422
2017-08-10,-0.01845662932269332
2017-08-11,0.009901746872205328
2017-08-14,0.01162509403429431
2017-08-15,-0.0033476691517795535
2017-08-16,0.005903871988548365
2017-08-17,-0.016142560359776924
2017-08-18,0.005727108661529937
2017-08-21,0.001456862962941962
2017-08-22,0.00717525536261196
2017-08-23,0.00555621421021274
2017-08-24,-0.002398092878850155
2017-08-25,0.011612686126767824
2017-08-28,-0.0001249587004251314
2017-08-29,0.0014501857559146643
2017-08-30,-0.002690048392354742
2017-08-31,0.013309047932152054
2017-09-01,-0.0007512343513885831
2017-09-05,-0.0044942504196551014
2017-09-06,0.0038080701691895974
2017-09-07,0.015782925189514234
2017-09-08,-0.003020339860740731
2017-09-11,-0.0020583333335369913
2017-09-12,0.0010657304585190838
2017-09-13,-0.01421026689621315
2017-09-14,-0.003998842306522496
2017-09-15,0.009825042581425521
2017-09-18,0.0015781247179719403
2017-09-19,0.004283209979591567
2017-09-20,-0.012756058748328334
2017-09-21,-0.00538685083156686
2017-09-22,0.0029592953759648836
2017-09-25,-0.008968130450619359
2017-09-26,-0.00695757366406158
2017-09-27,-0.003636791952801828
2017-09-28,0.004052434323112619
2017-09-29,0.007266314173349212
2017-10-02,-0.0033486479849588143
2017-10-03,0.006670092215355471
2017-10-04,0.0009541918363043102
2017-10-05,0.0035707225664539377
2017-10-06,-0.002889812412326463
2017-10-09,0.0036468634385693
2017-10-10,0.011809644711238184
2017-10-11,0.006744420711748901
2017-10-12,0.0011313322126945617
2017-10-13,0.00788863646409227
2017-10-16,-2.6442270459783315e-05
2017-10-17,-0.004172394610148461
2017-10-18,0.0032284503166083948
2017-10-19,-0.0013771714570976618
2017-10-20,0.001836934323102925
2017-10-23,-0.007451766141522141
2017-10-24,0.0011597625772490827
2017-10-25,-0.0013796056197155054
2017-10-26,-0.01007068701212606
2017-10-27,0.01185941106309666
2017-10-30,0.005170673657952781
2017-10-31,0.007737595894117304
2017-11-01,0.005448696474294043
2017-11-02,0.005235683737984428
2017-11-03,0.0038107484312445124
2017-11-06,0.012606844639045248
2017-11-07,-0.0046864231468313824
2017-11-08,0.004516368006850199
2017-11-09,-0.006745361101521074
2017-11-10,-0.005952727411598326
2017-11-13,-0.001555887004146164
2017-11-14,-0.006250865586501181
2017-11-15,-0.005023026063336088
2017-11-16,0.015921192450619442
2017-11-17,0.0033329460662864796
2017-11-20,0.00041117314484898017
2017-11-21,0.013251476618427462
2017-11-22,0.004514414237782462
2017-11-24,0.00907962856322075
2017-11-27,-0.0034970000997212028
2017-11-28,0.0075082226435543966
2017-11-29,-0.012905939819563032
2017-11-30,0.00742842453799272
2017-12-01,0.0003102808755719192
2017-12-04,-0.0057278149305094945
2017-12-05,0.0016240119781362674
2017-12-06,-0.002595587517657147
2017-12-07,0.017899621719077552
2017-12-08,0.0072496699635046565
2017-12-11,0.009242259964828144
2017-12-12,-0.003823001738975251
2017-12-13,-0.0030425436976430553
2017-12-14,-0.0019799225769099515
2017-12-15,0.007304790427709346
2017-12-18,0.01376873399508303
2017-12-19,-0.004340572952142905
2017-12-20,-0.000487891064075562
2017-12-21,0.0028580672137738777
2017-12-22,-0.0032788745364139863
2017-12-26,0.0071104661994979826
2017-12-27,0.00038337038100289206
2017-12-28,0.0005650378591240237
2017-12-29,-0.001595278890432665
2018-01-02,0.021531752657478653
2018-01-03,0.010817461822784988
2018-01-04,0.014044529868227181
2018-01-05,0.008667830219092953
2018-01-08,-0.00711389499733445
2018-01-09,-0.006800482221679379
2018-01-10,-3.328370619874385e-05
2018-01-11,0.012577735855498371
2018-01-12,0.031671630436290225
2018-01-16,-0.004282654071373371
2018-01-17,0.0041369616601462525
2018-01-18,-0.004175761045766026
2018-01-19,0.004501468052152777
2018-01-22,0.012584653144908552
2018-01-23,0.01426757279984637
2018-01-24,0.020203953505878277
2018-01-25,-0.006447158012218687
2018-01-26,0.018924169724213073
2018-01-29,-0.021054863552794664
2018-01-30,-0.02211452352979882
2018-01-31,0.011683825223635516
2018-02-01,0.0041778758787785536
2018-02-02,-0.0380486319529958
2018-02-05,-0.05411764759602425
2018-02-06,0.021644524634242567
2018-02-07,-0.026131230523766667
2018-02-08,-0.03654094619467017
2018-02-09,0.00887337712193042
2018-02-12,0.02308647951556922
2018-02-13,0.009125034988629738
2018-02-14,0.04298812641126655
2018-02-15,0.022650942817337993
2018-02-16,-0.007527035121542165
2018-02-20,-0.014389603108258115
2018-02-21,-0.009955774427337033
2018-02-22,0.011568112134573523
2018-02-23,0.014770319645942958
2018-02-26,0.014678021873127018
2018-02-27,-0.028328390904788895
2018-02-28,-0.016881654484062404
2018-03-01,-0.004741803500669634
2018-03-02,0.0075247261976426226
2018-03-05,0.005375191392868758
2018-03-06,0.002589403582358916
2018-03-07,-0.003026395233480408
2018-03-08,-0.006804096022769314
2018-03-09,0.009171528114344591
2018-03-12,0.00014638912624154085
2018-03-13,-0.00413221980308316
2018-03-14,-0.0034321495196275075
2018-03-15,-0.0023328148523764853
2018-03-16,0.000986343279522031
2018-03-19,-0.004003245146426899
2018-03-20,0.0010709183559008337
2018-03-21,0.009157409926807442
2018-03-22,-0.013600442957437774
2018-03-23,-0.0012330826221284596
2018-03-26,0.011039740805565914
2018-03-27,-0.014114849357879695
2018-03-28,-0.008934499713191877
2018-03-29,0.0046113124445778175
2018-04-02,-0.007866445994228144
2018-04-03,0.0015231492692722166
2018-04-04,0.0030342580947175443
2018-04-05,-0.0011839727281357133
2018-04-06,-0.0050821762539925396
2018-04-09,0.004458951911079399
2018-04-10,0.009367080072709501
2018-04-11,0.0021775647799116876
2018-04-12,-0.0011245368176507416
2018-04-13,-0.0015271172045431608
2018-04-16,0.0014273473425950008
2018-04-17,0.002234604456240503
2018-04-18,0.004029517701013094
2018-04-19,-0.004391689356886224
2018-04-20,-0.00578850967124948
2018-04-23,-0.003635725021657246
2018-04-24,-0.0038749459867887725
2018-04-25,-0.0010441195122336349
2018-04-26,-0.0002330562356194
2018-04-27,0.001319216044761904
2018-04-30,-0.0035874601457066627
2018-05-01,-0.002157676061213151
2018-05-02,-0.0024452968092464173
2018-05-03,-0.0003156729080395946
2018-05-04,0.0026058150712437124
2018-05-07,0.0007422379268320567
2018-05-08,0.00024999114646035353
2018-05-09,0.004796932223975522
2018-05-10,0.0008827218657680329
2018-05-11,-0.0009428325363347497
2018-05-14,0.0028751686493873564
2018-05-15,0.0016975363852851492
2018-05-16,0.0021561653474601525
2018-05-17,0.0005674992911159826
2018-05-18,-0.004358777776905286
2018-05-21,0.002554223532450857
2018-05-22,0.0004963505312221052
2018-05-23,-0.0011557496424885114
2018-05-24,-0.004994166534422327
2018-05-25,-0.007658863734775695
2018-05-29,-0.011620938399199105
2018-05-30,0.008566351912483786
2018-05-31,-0.0015020677715682172
2018-06-01,-7.099046567155128e-06
2018-06-04,-0.001087776924613542
2018-06-05,0.0004430253153876766
2018-06-06,0.0004651685993169683
2018-06-07,-0.0002662326437299316
2018-06-08,0.0004704862899811865
2018-06-11,0.0005583834010008423
2018-06-12,0.0015225264837544906
2018-06-13,-0.00039496609532283384
2018-06-14,0.0006810640654082954
2018-06-15,-0.004342650158570311
2018-06-18,0.0028286229919519553
2018-06-19,-0.0023107927410746703
2018-06-20,0.0021703650630749164
2018-06-21,-0.0037796557398647283
2018-06-22,0.006669904621610487
2018-06-25,-0.0077361628443397175
2018-06-26,0.006125969014427067
2018-06-27,0.0018439512671980858
2018-06-28,0.00290192660861308
2018-06-29,0.0009189929461830104
2018-07-02,0.002141525931994132
2018-07-03,-0.006450697738282328
2018-07-05,-0.0002296148075891278
2018-07-06,0.002363280069763633
2018-07-09,0.0025495112793871687
2018-07-10,0.0016635497487008208
2018-07-11,-0.005661334435351259
2018-07-12,0.002444878527888615
2018-07-13,0.0009512265918840198
2018-07-16,-0.006588553218546012
2018-07-17,0.0044828854168197435
2018-07-18,0.003801362583056783
2018-07-19,0.0009461612538737559
2018-07-20,-0.0018279761010820787
2018-07-23,0.005714806942375205
2018-07-24,0.00015249827787762373
2018-07-25,0.0027194654863240933
2018-07-26,0.004424798282711619
2018-07-27,-0.006228190757628041
2018-07-30,-0.001003934672928559
2018-07-31,-0.00187813542624525
2018-08-01,0.0038678812486190877
2018-08-02,0.011446512646152481
2018-08-03,-0.0025999855560286367
2018-08-06,0.007181634096693668
2018-08-07,0.0009208581464129792
2018-08-08,-0.004721902296125615
2018-08-09,0.0022116830365399086
2018-08-10,0.008571409747654392
2018-08-13,0.008954399425659305
2018-08-14,0.006076011721628776
2018-08-15,0.002124191919811524
2018-08-16,-0.0002878472760011253
2018-08-17,-0.01036351247461085
2018-08-20,-0.0013451645346717065
2018-08-21,-0.004390607169975695
2018-08-22,0.0013557813892022923
2018-08-23,0.010694344952147156
2018-08-24,-0.009634028244394037
2018-08-27,-0.0023365976776910597
2018-08-28,0.0030633527312744126
2018-08-29,0.0035031525061585194
2018-08-30,0.0029872399671566525
2018-08-31,0.004844031584134908
2018-09-04,0.0066978507290961446
2018-09-05,0.0005371668373916525
2018-09-06,-0.003797012034898953
2018-09-07,0.0037112903583649184
2018-09-10,0.0032225618638331045
2018-09-11,0.00640424147308307
2018-09-12,-0.005409653241918761
2018-09-13,-0.004803233884180548
2018-09-14,0.004384223228240905
2018-09-17,-0.006260475400549546
2018-09-18,0.0019339249118801233
2018-09-19,-0.0030903903693040922
2018-09-20,-0.007262338337575769
2018-09-21,0.0009447916618900735
2018-09-24,0.006477459095831915
2018-09-25,-0.0013952899396204989
2018-09-26,0.0016544739904023093
2018-09-27,0.010753037500333336
2018-09-28,0.002096556166418658
2018-10-01,0.013164781107441148
2018-10-02,-0.0070269077427450345
2018-10-03,0.018751171175044604
2018-10-04,-0.005921726558450967
2018-10-05,-0.004242444277441688
2018-10-08,0.0022295437093437422
2018-10-09,-0.0021127224462341716
2018-10-10,-0.02291659623610522
2018-10-11,-0.030388771195866505
2018-10-12,0.011017394310628191
2018-10-15,-0.008267812604993418
2018-10-16,0.012712411549926077
2018-10-17,0.005242880099140912
2018-10-18,-0.008802093606912134
2018-10-19,0.0012834931879707875
2018-10-22,0.002906507513183413
2018-10-23,-0.018463259711191005
2018-10-24,-0.018339120444104743
2018-10-25,0.018278363413803313
2018-10-26,-0.015803434384641813
2018-10-29,0.0020354976918989407
2018-10-30,0.01246317899231235
2018-10-31,0.00796240938577711
2018-11-01,-0.01674992383127642
2018-11-02,0.004248509591886464
2018-11-05,-0.0017983252587842518
2018-11-06,0.0001441751238993661
2018-11-07,-0.003950343377771641
2018-11-08,0.013050120409825786
2018-11-09,0.005692260316969119
2018-11-12,0.009737363650331036
2018-11-13,-0.0009316095189754875
2018-11-14,-0.0014517295545118524
2018-11-15,-0.002125644600720134
2018-11-16,-0.009824435074694373
2018-11-19,0.0061799684728899365
2018-11-20,0.01963401836815096
2018-11-21,-0.009296897705948385
2018-11-23,0.01334222445880253
2018-11-26,0.0077767877302186966
2018-11-27,0.0030166008137700842
2018-11-28,-0.013632606798974939
2018-11-29,-0.0017543061012896331
2018-11-30,0.008874635646926546
2018-12-03,-0.013215483757223387
2018-12-04,-0.0042624497967400695
2018-12-06,0.008856273258579576
2018-12-07,-0.0035948887288406494
2018-12-10,0.011837660344074472
2018-12-11,0.0004234854885745463
2018-12-12,-0.006880385264858269
2018-12-13,0.00011215335845366316
2018-12-14,0.012146168792498416
2018-12-17,-0.0070071127245016716
2018-12-18,0.0006271652433499273
2018-12-19,-0.0023186012200623147
2018-12-20,-0.014191629471735499
2018-12-21,0.014867878568962042
2018-12-24,-0.011146768657793672
2018-12-26,-0.0019113730333289107
2018-12-27,-0.0003522907112748614
2018-12-28,-0.01412840862192818
2018-12-31,-0.0045241139047798185
2019-01-02,0.0011101403622861604
2019-01-03,0.012314000959696066
2019-01-04,-0.024800436426970343
2019-01-07,-0.009521835805093448
2019-01-08,-0.004674717263188045
2019-01-09,-0.01317239282553666
2019-01-10,0.004724809599761761
2019-01-11,0.00531003806156884
2019-01-14,0.004851788867420128
2019-01-15,-0.004465816630785475
2019-01-16,-0.0028873134077140993
2019-01-17,-0.0035642333898822445
2019-01-18,-0.007378341481226842
2019-01-22,0.012106342801091364
2019-01-23,-0.0033422298601881516
2019-01-24,0.002814824068046056
2019-01-25,-0.011647853524052409
2019-01-28,0.009191223797022278
2019-01-29,0.00019223454481160184
2019-01-30,-0.01075705713902239
2019-01-31,0.0022962097356969084
2019-02-01,-0.007454528174940351
2019-02-04,-0.0014640509510244935
2019-02-05,0.0029636370098231053
2019-02-06,0.0012969760165572396
2019-02-07,0.006900858445047003
2019-02-08,-0.002362955010366353
2019-02-11,-0.0007911648281730761
2019-02-12,-0.004179852055056956
2019-02-13,-0.0030276497051547335
2019-02-14,0.0029012828497464093
2019-02-15,-0.0036944788946583194
2019-02-19,-0.004958153406504554
2019-02-20,-0.0030407710152960295
2019-02-21,-0.00338018894420606
2019-02-22,0.0011265669511250985
2019-02-25,0.0029801939432491237
2019-02-26,0.0016726902719752593
2019-02-27,-0.005915275645574512
2019-02-28,-0.002358550819809162
2019-03-01,-0.004078986775343709
2019-03-04,0.0030684321315434275
2019-03-05,2.6159780533593696e-05
2019-03-06,0.0019369483402486463
2019-03-07,0.005276387904223656
2019-03-08,0.0025286839484322775
2019-03-11,-0.0019358419937697314
2019-03-12,0.0025725516045921083
2019-03-13,-0.0017515695129253226
2019-03-14,-0.002421742897219103
2019-03-15,0.0019228561403715682
2019-03-18,-0.0018702554324429258
2019-03-19,-0.0009949520565106658
2019-03-20,0.002999687611054941
2019-03-21,0.002992412448303763
2019-03-22,0.007773948738151885
2019-03-25,0.0020184601396678894
2019-03-26,-0.00024784467763532973
2019-03-27,0.002523878046661082
2019-03-28,0.00015094087493149836
2019-03-29,-0.0006798014878435508
2019-04-01,-0.008189141410357524
2019-04-02,-0.0018686680958469382
2019-04-03,-0.005604773262042435
2019-04-04,0.0029275666517446096
2019-04-05,0.00043110875106138597
2019-04-08,-0.006151559643762094
2019-04-09,0.003167146722962925
2019-04-10,0.0004465667078405883
2019-04-11,-0.0003558328616726555
2019-04-12,-0.006184511632546591
2019-04-15,0.0008249404134335921
2019-04-16,-0.002541312563200815
2019-04-17,-0.00040666886512631244
2019-04-18,0.006135030512572351
2019-04-22,-0.0047217322898951
2019-04-23,0.004418034490168099
2019-04-24,0.007790959368192588
2019-04-25,0.0027687247176550306
2019-04-26,0.002670605785880525
2019-04-29,-0.0046596971240608865
2019-04-30,-0.0008747181514028562
2019-05-01,0.0012734714151473767
2019-05-02,0.00017244022567655968
2019-05-03,0.00035858011933833836
2019-05-06,-0.0021263803006218887
2019-05-07,-0.002384382313953265
2019-05-08,-0.003136875274206574
2019-05-09,-0.0019310315577395303
2019-05-10,-0.00021953707550811523
2019-05-13,-0.012368891865622345
2019-05-14,0.0026972979577725795
2019-05-15,0.004155712109866712
2019-05-16,0.004403360470516478
2019-05-17,0.0025445860627352364
2019-05-20,-0.007485669885125382
2019-05-21,0.004678091536189796
2019-05-22,0.0043504527166012006
2019-05-23,-0.0006477036491958149
2019-05-24,-0.0033823220624173323
2019-05-28,0.0036557371034115836
2019-05-29,0.001071062495187813
2019-05-30,0.007250946289263608
2019-05-31,-0.001993531973694277
2019-06-03,-0.0037855480389436987
2019-06-04,-0.008660676854062823
2019-06-05,0.0048630119488347985
2019-06-06,-0.004683245662777889
2019-06-07,0.0020414502510775383
2019-06-10,-0.004705940979146519
2019-06-11,-0.002074587220222444
2019-06-12,0.009082744512980221
2019-06-13,0.0031484620994399167
2019-06-14,0.009260936140813315
2019-06-17,0.0036227463719318872
2019-06-18,0.0005523904124517484
2019-06-19,-0.00046224874911096663
2019-06-20,-0.0014808017543494548
2019-06-21,-0.007162641506668756
2019-06-24,0.006556756428008669
2019-06-25,0.007424942018818076
2019-06-26,-0.0036514587192060903
2019-06-27,-0.002827743561801016
2019-06-28,0.005328507741046948
2019-07-01,-0.00804450825308087
2019-07-02,0.016607481168022825
2019-07-03,0.011020205664699833
2019-07-05,-0.01930297375509399
2019-07-08,-0.0015189960856010832
2019-07-09,0.00046700143028974165
2019-07-10,0.003921115153191477
2019-07-11,-0.012347763491615399
2019-07-12,0.00870172494395812
2019-07-15,0.0015339137123334646
2019-07-16,-0.010846219045404372
2019-07-17,0.01195749120866654
2019-07-18,0.015721486428859247
2019-07-19,-0.011115719045274218
2019-07-22,0.002608237829299983
2019-07-23,-0.002633185102672877
2019-07-24,0.007315953174388324
2019-07-25,-0.011687292092828509
2019-07-26,0.0044963401634181615
2019-07-29,-0.0006864862493404093
2019-07-30,-0.00250936683397188
2019-07-31,-0.004245664884714773
2019-08-01,0.02581056744686354
2019-08-02,-0.00128165387491243
2019-08-05,0.0118395327963627
2019-08-06,0.007852513745642803
2019-08-07,0.014433858818041727
2019-08-08,0.005131574149486085
2019-08-09,-0.006384939440211217
2019-08-12,0.010408357809030645
2019-08-13,-0.00723588425617074
2019-08-14,0.014529007588198676
2019-08-15,0.011061924209572492
2019-08-16,-0.0028989649665156587
2019-08-19,-0.005682017603753369
2019-08-20,0.004360561116489149
2019-08-21,-0.005460927968871802
2019-08-22,-0.001228685699259381
2019-08-23,0.009746322266641303
2019-08-26,0.006225740876307921
2019-08-27,0.010715898379576528
2019-08-28,-0.0003654885353921993
2019-08-29,-0.002538984902831794
2019-08-30,0.007446917796849159
2019-09-03,0.015928245416299586
2019-09-04,-0.003661128866616888
2019-09-05,-0.019399949337601217
2019-09-06,-0.004796999911084665
2019-09-09,-0.014104146708383685
2019-09-10,-0.009888004251957449
2019-09-11,0.006561126897304604
2019-09-12,-0.004885242823012944
2019-09-13,-0.01816830447654114
2019-09-16,0.0032033137096052515
2019-09-17,0.0036979917477037564
2019-09-18,0.0013089632132057018
2019-09-19,0.0018589801412904924
2019-09-20,0.010602166350688048
2019-09-23,0.008823537202583222
2019-09-24,0.003397698444770578
2019-09-25,-0.009383701326883273
2019-09-26,0.0022358190177042157
2019-09-27,-0.0042167073345112
2019-09-30,0.000188082442297109
2019-10-01,0.003041073141468803
2019-10-02,0.007762325688875738
2019-10-03,0.0054841641927922185
2019-10-04,0.0013195257245241301
2019-10-07,-0.0052263555126435225
2019-10-08,0.006482903799093184
2019-10-09,-0.005305541786782962
2019-10-10,-0.01635248912195848
2019-10-11,-0.015489872062279222
2019-10-14,0.008533830958255065
2019-10-15,-0.009027360375443227
2019-10-16,-0.002060774848144253
2019-10-17,-0.004261062720719926
2019-10-18,-0.002169871767735324
2019-10-21,-0.0034004487065295544
2019-10-22,0.00271465570494752
2019-10-23,-0.0037320574305223
2019-10-24,0.004682926842641213
2019-10-25,0.00027700668050229535
2019-10-28,-0.006165495420790489
2019-10-29,0.0006546163653393126
2019-10-30,0.005449247595248332
2019-10-31,0.013286075929543988
2019-11-01,-0.00039510380270301284
2019-11-04,-0.002403756175995726
2019-11-05,-0.010551960857545013
2019-11-06,0.004629051403514832
2019-11-07,-0.010978460581703481
2019-11-08,-0.0044146774815932805
2019-11-11,-0.00034871830743323396
2019-11-12,0.0030184248823663137
2019-11-13,0.002498754867653382
2019-11-14,0.00571522209891048
2019-11-15,-0.00043938814681708375
2019-11-18,0.0033136199572139946
2019-11-19,0.006372485475252871
2019-11-20,-0.002127831763673262
2019-11-21,-0.006160928839712497
2019-11-22,0.002648184811005353
2019-11-25,0.0042643916857325395
2019-11-26,0.003277785971994352
2019-11-27,-0.00035557302512014325
2019-11-29,0.0013007051029412776
2019-12-02,-0.010035047659500087
2019-12-03,-0.00027016548778481373
2019-12-04,0.009382991981886914
2019-12-05,-0.0012894852643642605
2019-12-06,0.008469119856109937
2019-12-09,-0.0034434578530819983
2019-12-10,0.001293331868244519
2019-12-11,0.003606604028013378
2019-12-12,0.009159963624804807
2019-12-13,0.00628670938591559
2019-12-16,0.00830645964637672
2019-12-17,0.004176227920996777
2019-12-18,-0.0006125904646029445
2019-12-19,0.0034805582891572658
2019-12-20,0.004190677681423641
2019-12-23,0.0015872935128119037
2019-12-24,0.002792637966687041
2019-12-26,0.008027267978878998
2019-12-27,-0.0028981429151298792
2019-12-30,-0.008102193230674909
2019-12-31,-0.001954342056658073
2020-01-02,0.0180597287331444
2020-01-03,-0.0027158741550698906
2020-01-06,0.0014510628552490785
2020-01-07,0.0016393245012088341
2020-01-08,-0.0035281106635135125
2020-01-09,0.0021647180747539647
2020-01-10,0.0001066886843926508
2020-01-13,0.0021581721369747665
2020-01-14,-0.0075742469944315455
2020-01-15,0.00035427005948010434
2020-01-16,0.006494845895030689
2020-01-17,0.0041950175376006225
2020-01-21,-0.00897278638312895
2020-01-22,-0.0016710659733883049
2020-01-23,-0.001994466807596713
2020-01-24,-0.005472039982738925
2020-01-27,-0.024310694546326356
2020-01-28,0.001969676986100108
2020-01-29,0.0037197763584748368
2020-01-30,-0.005302233820559256
2020-01-31,-0.016240831646356764
2020-02-03,0.011634267209375387
2020-02-04,0.009229506707947057
2020-02-05,0.0011668257328195587
2020-02-06,0.007852882854435837
2020-02-07,0.0024166097446505037
2020-02-10,0.013417957687653238
2020-02-11,-0.00231903005227816
2020-02-12,-0.00041515900530879053
2020-02-13,0.00034997609259304705
2020-02-14,0.003168635628177766
2020-02-18,0.00816167467465497
2020-02-19,0.006841826056754239
2020-02-20,0.00043128529727921383
2020-02-21,-0.003914831348511563
2020-02-24,-0.01417706018198525
2020-02-25,-0.021008788464063035
2020-02-26,0.00604400610531773
2020-02-27,-0.029194806543416763
2020-02-28,-0.01005107034553212
2020-03-02,-0.006855624965748771
2020-03-03,0.003727496029612315
2020-03-04,0.009637344457547782
2020-03-05,0.005749324520190549
2020-03-06,0.022997548727689894
2020-03-09,0.015477982510558512
2020-03-10,-0.018088029115322993
2020-03-11,-0.013350722812936724
2020-03-12,-0.02451429224617588
2020-03-13,0.02482634389952187
2020-03-16,0.0036588583194108034
2020-03-17,0.015090758874269347
2020-03-18,0.006838551121099597
2020-03-19,0.01665222316015605
2020-03-20,0.026474024726609327
2020-03-23,0.01617118803416121
2020-03-24,0.005273477909209358
2020-03-25,-0.0186614444792377
2020-03-26,0.008489822972303803
2020-03-27,0.002652991803126773
2020-03-30,0.018715978286556433
2020-03-31,-0.006164741864802556
2020-04-01,0.006938749686455242
2020-04-02,-0.006668084587040455
2020-04-03,-0.0014938327689065218
2020-04-06,-0.0061037526706026225
2020-04-07,-0.0018101566993876724
2020-04-08,-0.0029415183801080927
2020-04-09,0.0005198320076204974
2020-04-13,0.0013786427935309467
2020-04-14,-0.0007716585710093768
2020-04-15,0.008041578862531127
2020-04-16,0.0007248019268079669
2020-04-17,-0.003364715379711761
2020-04-20,0.005461747513626506
2020-04-21,0.011209132582368917
2020-04-22,-0.0005168404771422129
2020-04-23,0.00011718111039189097
2020-04-24,7.576662339044631e-05
2020-04-27,-0.00018992980655955867
2020-04-28,0.0014757374099250153
2020-04-29,-0.0061814484606082035
2020-04-30,-0.003563803009718316
2020-05-01,0.004788166331854919
2020-05-04,0.0003914351477306609
2020-05-05,-0.0025643222755108146
2020-05-06,0.0015397239596575177
2020-05-07,0.000554055948216971
2020-05-08,-0.005795367927098542
2020-05-11,-0.0011526041836283302
2020-05-12,0.002328099168065315
2020-05-13,0.003989710488467118
2020-05-14,-0.0003094901803739609
2020-05-15,-0.0016045396771545792
2020-05-18,-0.010789628203713948
2020-05-19,0.00118482442782294
2020-05-20,-0.003794471528870319
2020-05-21,0.00015820893082309922
2020-05-22,0.004388622251995552
2020-05-26,-0.006993387987542675
2020-05-27,5.187943187922391e-05
2020-05-28,-0.0018105479820345427
2020-05-29,-0.0016615174690365493
2020-06-01,-0.0012067957448958072
2020-06-02,-0.0055494008867463
2020-06-03,-0.006570140865278479
2020-06-04,-0.000872416588982488
2020-06-05,-0.007157112979156284
2020-06-08,0.003127209931142968
2020-06-09,0.002589340223569566
2020-06-10,0.00467830905963012
2020-06-11,0.005305030884558228
2020-06-12,-0.002666164536786078
2020-06-15,-0.000736916109914354
2020-06-16,-0.0018679374323245291
2020-06-17,0.0010269829142608737
2020-06-18,0.00036167785901848083
2020-06-19,0.0012940156963894907
2020-06-22,-0.0013431073901322285
2020-06-23,0.0010634308371982588
2020-06-24,0.002151433943744315
2020-06-25,-0.0003066012761576664
2020-06-26,0.002768165791170639
2020-06-29,-0.001478472024708557
2020-06-30,0.0012421081613904175
2020-07-01,-0.0020353964090922766
2020-07-02,-0.0003750142406062446
2020-07-06,0.0010128813525668054
2020-07-07,0.0020297021871698846
2020-07-08,0.0006549128708180916
2020-07-09,0.002182146519067579
2020-07-10,-0.001265809297290585
2020-07-13,0.0007928520734449205
2020-07-14,0.0006905089379790413
2020-07-15,-0.0007008731263474788
2020-07-16,-0.0010797246885257167
2020-07-17,0.0004260621069621979
2020-07-20,0.003593646203852635
2020-07-21,0.0025123599158872905
2020-07-22,0.006807799245297966
2020-07-23,-0.0006010858885538439
2020-07-24,-0.00032836099650968595
2020-07-27,0.0063244699206629765
2020-07-28,0.0012583301663916596
2020-07-29,-3.814899762088687e-05
2020-07-30,-0.0013205542253011417
2020-07-31,0.006158801012201537
2020-08-03,0.0017203693541743015
2020-08-04,0.010635830239307349
2020-08-05,0.005825965333009506
2020-08-06,0.007257288278879079
2020-08-07,-0.010789360294618052
2020-08-10,0.0003650651590700561
2020-08-11,-0.01939624558028606
2020-08-12,0.002271437572041708
2020-08-13,0.008246394328722427
2020-08-14,-0.0003937613664885329
2020-08-17,0.009432725115012345
2020-08-18,0.006143341230746572
2020-08-19,-0.013868988125162206
2020-08-20,0.006999640103509329
2020-08-21,-0.0048933792917744
2020-08-24,2.7155156332428834e-05
2020-08-25,-0.0014347865753411432
2020-08-26,0.005629487665048279
2020-08-27,-0.006945408186771762
2020-08-28,0.011334344128765585
2020-08-31,0.00405304244116097
2020-09-01,0.006496128195534291
2020-09-02,-0.0034438442558645367
2020-09-03,-0.014650646782389538
2020-09-04,-0.003062775341733218
2020-09-08,-0.011152146412275398
2020-09-09,0.007995180693474333
2020-09-10,-0.002233053139183998
2020-09-11,0.002775076837465456
2020-09-14,0.0066025712925918256
2020-09-15,0.0003702645829561736
2020-09-16,-0.0030108703097496458
2020-09-17,0.0011421401638444409
2020-09-18,-0.00405285492201858
2020-09-21,-0.013129253548905923
2020-09-22,-0.0012657785047474124
2020-09-23,-0.01420036536439243
2020-09-24,0.005261918201204894
2020-09-25,0.0004661865999018663
2020-09-28,0.007705962425862977
2020-09-29,0.005166083721379844
2020-09-30,-0.0032176122185673516
2020-10-01,0.004643847993385347
2020-10-02,-0.004502046397329323
2020-10-05,0.005166869489854757
2020-10-06,-0.007299933777734753
2020-10-07,0.002741407487417335
2020-10-08,0.004146868979397212
2020-10-09,0.012302729563142021
2020-10-12,0.007427643095173252
2020-10-13,-0.007900682287292985
2020-10-14,0.0002478077514033593
2020-10-15,-0.004636816996985551
2020-10-16,-0.0012615976187470455
2020-10-19,0.0013316258273785222
2020-10-20,0.0033272495289963437
2020-10-21,0.00892434056924955
2020-10-22,-0.0041070006430232045
2020-10-23,0.0038801223162589294
2020-10-26,-0.006380146747668748
2020-10-27,0.004223289207163111
2020-10-28,-0.01540560090132492
2020-10-29,-0.0019359613829914506
2020-10-30,-0.004555057994091986
2020-11-02,-0.000988192106403527
2020-11-03,0.0036760501094657747
2020-11-04,0.0029044559252356123
2020-11-05,0.01190247648845915
2020-11-06,0.003869180133331846
2020-11-09,-0.009770882894761952
2020-11-10,-0.0021717563512465093
2020-11-11,0.001560594069436945
2020-11-12,0.0007557776092143978
2020-11-13,0.004430092261816573
2020-11-16,0.002133244243893908
2020-11-17,0.001958935306661888
2020-11-18,-0.00012778595749897038
2020-11-19,0.00037206204269693766
2020-11-20,0.0009567104519274698
2020-11-23,-0.001659070915309626
2020-11-24,0.0027356908933559732
2020-11-25,-0.0012183350477066876
2020-11-27,-0.002661729181527932
2020-11-30,0.003785807009443168
2020-12-01,0.009796464784447486
2020-12-02,0.002827829540767718
2020-12-03,0.0057911302118693955
2020-12-04,-0.0004856355888145157
2020-12-07,0.0008257817174794088
2020-12-08,-0.0029634848397732637
2020-12-09,-0.002936056627878587
2020-12-10,0.0019998619915760855
2020-12-11,-0.0031446084321033628
2020-12-14,0.005019281980287926
2020-12-15,0.007791076268402591
2020-12-16,0.008558463170135066
2020-12-17,0.0095194477210299
2020-12-18,-0.0009692389852024628
2020-12-21,-0.006461735665190564
2020-12-22,-0.003552039359975248
2020-12-23,0.002853318673943943
2020-12-24,0.0013824036034614951
2020-12-28,0.011011656922586313
2020-12-29,0.004532302223967389
2020-12-30,0.006824467313493371
2020-12-31,-0.001816275240929276
2021-01-04,0.014556931035520844
2021-01-05,0.01578866638826804
2021-01-06,0.0058006277881363
2021-01-07,0.002114424460548739
2021-01-08,0.00029498362513715094
2021-01-11,-0.016808841253483475
2021-01-12,0.005894993138356744
2021-01-13,0.0011660768743718755
2021-01-14,0.007782282141447253
2021-01-15,-0.01586715391355824
2021-01-19,0.011402281278120447
2021-01-20,0.0077264752511410385
2021-01-21,-0.003643189091860048
2021-01-22,-0.0017959734663038325
2021-01-25,0.0009689478975973315
2021-01-26,0.0028427170194029513
2021-01-27,-0.020278994228649146
2021-01-28,0.011848317856167134
2021-01-29,-0.006905442752845194
2021-02-01,0.00823040065960852
2021-02-02,0.005637170761158309
2021-02-03,0.006205593343833483
2021-02-04,-0.0007241332441545426
2021-02-05,0.010045797322277514
2021-02-08,0.010373678437619792
2021-02-09,0.004504651503081555
2021-02-10,-0.002473109474380429
2021-02-11,0.005221250631953142
2021-02-12,0.0049313366352178
2021-02-16,0.00578888542320086
2021-02-17,-0.0010079012635719601
2021-02-18,-0.0008864053214940509
2021-02-19,0.0050355462962827745
2021-02-22,-0.0011603372828211242
2021-02-23,-0.004684836125709925
2021-02-24,0.007172896898723202
2021-02-25,-0.010963429684248741
2021-02-26,-0.014430438068585778
2021-03-01,0.01262400342547117
2021-03-02,-0.002254875476670605
2021-03-03,-0.0005260331549017058
2021-03-04,-0.006763748505135123
2021-03-05,0.005450643106976368
2021-03-08,-0.003671949496072028
2021-03-09,0.00971534700930694
2021-03-10,0.0018633471280968708
2021-03-11,0.014053057183113919
2021-03-12,-0.0010705800812469764
2021-03-15,-0.0013762989541203736
2021-03-16,0.0003309979052836165
2021-03-17,0.007179852973274827
2021-03-18,-0.016301419331587543
2021-03-19,0.004292888716724252
2021-03-22,-0.0017051407912804118
2021-03-23,-0.015440730573000796
2021-03-24,-0.004893652687337977
2021-03-25,-0.0025923375523970306
2021-03-26,0.015580296295344144
2021-03-29,0.0019827183840327254
2021-03-30,-0.004543022029501312
2021-03-31,0.004245538187758192
2021-04-01,0.0038846097262007994
2021-04-05,0.003479247538797201
2021-04-06,-0.004611470211505451
2021-04-07,-0.0016064594132773435
2021-04-08,0.00141450946259776
2021-04-09,0.0030100796146349668
2021-04-12,0.00024624137996993585
2021-04-13,0.00320520092340566
2021-04-14,0.005250457626547103
2021-04-15,-2.17114527394914e-05
2021-04-16,0.0023163145017115337
2021-04-19,-0.007259937360559677
2021-04-20,-0.005744737206948524
2021-04-21,0.0007904927545189281
2021-04-22,-0.003495389016047485
2021-04-23,0.0057604130242743445
2021-04-26,0.006035856442777887
2021-04-27,0.007284279563041505
2021-04-28,0.0006797673208053965
2021-04-29,0.0038030882818932588
2021-04-30,-0.00336234146641547
2021-05-03,0.00800280845537317
2021-05-04,-0.007761108582245096
2021-05-05,0.0049399733710737415
2021-05-06,0.0035105860098139374
2021-05-07,0.006573972787419588
2021-05-10,-0.0021792004160789257
2021-05-11,0.0017716887754428874
2021-05-12,-0.010661315037283523
2021-05-13,-0.004172682663061246
2021-05-14,0.010638623622248447
2021-05-17,-0.006395801334929309
2021-05-18,-0.0004156399810385027
2021-05-19,-0.015080415744593128
2021-05-20,0.005620983679187876
2021-05-21,-0.005693030426279202
2021-05-24,0.010475253750905637
2021-05-25,-0.002455000740807318
2021-05-26,0.005040357910389025
2021-05-27,0.004630561422653137
2021-05-28,-0.003802842273135616
2021-06-01,0.005571943524256541
2021-06-02,0.00366970453193419
2021-06-03,-0.007381344622850822
2021-06-04,0.0020173169913700606
2021-06-07,0.0014272847146567307
2021-06-08,-0.002792033587586308
2021-06-09,-0.0022839050398928843
2021-06-10,-0.0003013718572238851
2021-06-11,-0.0038663985266061177
2021-06-14,0.007204192014073844
2021-06-15,-0.0011711339029552062
2021-06-16,-0.010899451110528386
2021-06-17,-0.023758460618170916
2021-06-18,-0.015470923692698969
2021-06-21,0.014259273113623858
2021-06-22,0.0018314785894863557
2021-06-23,0.003584878021450441
2021-06-24,0.0041621074551180205
2021-06-25,0.0015650615057783326
2021-06-28,-0.0009821431415991295
2021-06-29,-0.0025292948720467404
2021-06-30,0.0005845802870683897
2021-07-01,0.0008824793828759233
2021-07-02,0.0029218027685569835
2021-07-06,-0.01148679325282574
2021-07-07,-0.004011933716454966
2021-07-08,-0.009363351374621106
2021-07-09,0.01454681961086496
2021-07-12,0.0015611048032980496
2021-07-13,-5.037672154744124e-05
2021-07-14,-0.004475915323063263
2021-07-15,-0.007787549411034249
2021-07-16,-0.004084955787265999
2021-07-19,-0.025484869640188965
2021-07-20,0.009384371882553665
2021-07-21,0.018671567673431304
2021-07-22,0.0023633311605147735
2021-07-23,0.0070546947730889
2021-07-26,0.002211070253158886
2021-07-27,-0.009587090817720979
2021-07-28,0.006818421638682733
2021-07-29,0.007557724532620147
2021-07-30,-0.0032091670189517358
2021-08-02,-0.007241003964612987
2021-08-03,0.0005377363211575544
2021-08-04,-0.0017743542509570495
2021-08-05,0.009140442012795114
2021-08-06,0.007905868698069179
2021-08-09,0.00218188031881567
2021-08-10,0.006087163967628943
2021-08-11,0.00040582911941334165
2021-08-12,0.0008609204386475415
2021-08-13,-0.007851251416294197
2021-08-16,-0.003178971529779956
2021-08-17,-0.0007788149023708294
2021-08-18,-0.006107261245663858
2021-08-19,-0.00011169019789129749
2021-08-20,-0.00198706679865305
2021-08-23,0.008933434563784521
2021-08-24,0.004513408213557162
2021-08-25,0.004631022307575502
2021-08-26,-0.003098687376170596
2021-08-27,0.0017300154286803843
2021-08-30,0.002521635453838658
2021-08-31,-0.0006143519035461534
2021-09-01,0.0011131397414842763
2021-09-02,0.004234506070602804
2021-09-03,-0.004781886805002016
2021-09-07,-0.00025088915572497785
2021-09-08,0.0039892501894032055
2021-09-09,-0.006703898559519847
2021-09-10,0.0006499589439003413
2021-09-13,0.005583753203326245
2021-09-14,-0.0016379568557654287
2021-09-15,0.007088547290101765
2021-09-16,0.007028567402999138
2021-09-17,-0.004136678012312631
2021-09-20,-0.016178821947855252
2021-09-21,-0.0029413064873180295
2021-09-22,0.014604989094970898
2021-09-23,0.007319468375182598
2021-09-24,0.0018164886571661203
2021-09-27,0.0013988565808257993
2021-09-28,-0.01225818465896856
2021-09-29,0.012015960322961839
2021-09-30,-0.007465990165036648
2021-10-01,0.008457147799505123
2021-10-04,-0.0037054055812741223
2021-10-05,0.010548054045929189
2021-10-06,0.00047740539242290675
2021-10-07,0.005617456013944153
2021-10-08,-0.001571250783806642
2021-10-11,0.002383445553497682
2021-10-12,0.0013114436463110494
2021-10-13,-0.002125161011672691
2021-10-14,0.00908892724477899
2021-10-15,0.006468647789025937
2021-10-18,0.000863298174518475
2021-10-19,-0.00036770239697885563
2021-10-20,0.0007051779320799544
2021-10-21,-0.001205789754250724
2021-10-22,-0.0025501856660066283
2021-10-25,0.005602546640954947
2021-10-26,0.0053434997817615746
2021-10-27,-0.0049667199613149925
2021-10-28,0.002806420114513686
2021-10-29,0.010121182838681488
2021-11-01,-0.0004363574419779231
2021-11-02,0.006289449944024
2021-11-03,-0.0007083247486365194
2021-11-04,-0.002821220621150847
2021-11-05,-0.0017547688730108289
2021-11-08,0.00508071245426635
2021-11-09,-0.004779883369560476
2021-11-10,-0.0007802208152541894
2021-11-11,0.002959196293035953
2021-11-12,0.001690026915517433
2021-11-15,0.006699166543717224
2021-11-16,0.005050400305210342
2021-11-17,-0.009811720116048986
2021-11-18,-0.0008300635573545228
2021-11-19,0.00031687978639217485
2021-11-22,0.010155457141266618
2021-11-23,0.01196933483891236
2021-11-24,-0.00019254910982801797
2021-11-26,-0.05139632195090012
2021-11-29,0.01915932626670315
2021-11-30,-0.022313637620708635
2021-12-01,-0.004363791785647186
2021-12-02,0.005463370839128776
2021-12-03,-0.009222882309584492
2021-12-06,0.008500015304673059
2021-12-07,0.0073736841951139425
2021-12-08,-0.001473194390505628
2021-12-09,-0.003961007133021257
2021-12-10,0.0006707298774036793
2021-12-13,-0.0014488080871996607
2021-12-14,0.00037950792746639845
2021-12-15,0.0068872107866631465
2021-12-16,-0.012248442149450105
2021-12-17,0.002204367801854056
2021-12-20,-0.0037936446996548598
2021-12-21,0.009921102179210646
2021-12-22,-0.001404198911896854
2021-12-23,0.00446789361075768
2021-12-27,0.006539362711596194
2021-12-28,-0.002626031778364675
2021-12-29,-0.0020350090608471706
2021-12-30,-0.00032125711090997405
2021-12-31,-0.006986519521798824
2022-01-03,0.011749969523403325
2022-01-04,0.005223557207694739
2022-01-05,-0.008888986158209584
2022-01-06,0.0014718871624066702
2022-01-07,-0.009818665263445634
2022-01-10,-0.0022793564564745
2022-01-11,0.00470898385076858
2022-01-12,-0.005048090165965195
2022-01-13,-0.010264310793350365
2022-01-14,0.0094330283627024
2022-01-18,0.0033464180260224284
2022-01-19,-0.00765523372957281
2022-01-20,-0.005439801852795061
2022-01-21,-0.0179238397535924
2022-01-24,0.003247934045702421
2022-01-25,-0.0022276883159143123
2022-01-26,0.010481842538203398
2022-01-27,0.00791121520938489
2022-01-28,0.008252591998259722
2022-01-31,0.0012813524891037197
2022-02-01,-0.003998863534704045
2022-02-02,-0.004484256826757958
2022-02-03,0.0035861584297789857
2022-02-04,0.005690004271828785
2022-02-07,-0.002278600874737498
2022-02-08,-5.8080203660794026e-05
2022-02-09,-0.002764967761132944
2022-02-10,0.009330769216256245
2022-02-11,-0.000376328617407554
2022-02-14,0.009227340150840356
2022-02-15,-0.006356697957845674
2022-02-16,-0.0070650865457901465
2022-02-17,-0.0011188116924240568
2022-02-18,0.0022072612725965875
2022-02-22,0.0036246451620353627
2022-02-23,0.007090075415194582
2022-02-24,0.012301972622131173
2022-02-25,-0.009540523789237467
2022-02-28,-0.0031106446088363673
2022-03-01,0.01787170270943912
2022-03-02,0.013432209322877704
2022-03-03,0.007777179689985192
2022-03-04,0.02250380914666706
2022-03-07,0.026899620459377185
2022-03-08,0.011873030678498955
2022-03-09,-0.04259942352272597
2022-03-10,0.012315623605562447
2022-03-11,0.016037152945203567
2022-03-14,-0.0007221110201330979
2022-03-15,-0.01377314156799692
2022-03-16,-0.021459956316544074
2022-03-17,0.011523192610672025
2022-03-18,-0.003567832613993345
2022-03-21,0.024280464277289627
2022-03-22,-0.002321381373836347
2022-03-23,0.010159636051196793
2022-03-24,0.0018168462789316026
2022-03-25,0.005973399456579095
2022-03-28,-0.014054643951969328
2022-03-29,-0.01354938182351064
2022-03-30,-0.002142338566478507
2022-03-31,0.003014755586106738
2022-04-01,0.000576002214967592
2022-04-04,0.006358330912327
2022-04-05,0.008775041056811378
2022-04-06,0.0023203203992132157
2022-04-07,0.0042040718394793005
2022-04-08,0.004735483405140878
2022-04-11,0.00558089335110309
2022-04-12,0.0066451548905778705
2022-04-13,-0.00014912861926581525
2022-04-14,0.008130864731108897
2022-04-18,0.007564648702376951
2022-04-19,0.0016931994291383907
2022-04-20,-0.009092859372018695
2022-04-21,0.00521179188609135
2022-04-22,0.0007058803007037168
2022-04-25,-0.0029225156458100804
2022-04-26,0.003618987925927563
2022-04-27,0.005904545537010191
2022-04-28,0.009010309498694679
2022-04-29,-0.004339616540093626
2022-05-02,0.0054413068155806914
2022-05-03,-0.0050797064857573465
2022-05-04,-0.009113928380769827
2022-05-05,0.020980590479567345
2022-05-06,0.008434372969519214
2022-05-09,-0.0013031757072437104
2022-05-10,-0.003948038582651992
2022-05-11,0.004056143295646532
2022-05-12,0.0030425289790140435
2022-05-13,-0.004480947420169616
2022-05-16,0.0004603944278179737
2022-05-17,-0.009816531936049155
2022-05-18,0.0037964197998749823
2022-05-19,-0.007015204051471123
2022-05-20,-0.0003116835777764832
2022-05-23,-0.005012553679089003
2022-05-24,-0.004067976000170532
2022-05-25,0.0004038572945608405
2022-05-26,-0.005314268523049254
2022-05-27,-0.005389181184738067
2022-05-31,0.006914264127109462
2022-06-01,0.011405177631136965
2022-06-02,-0.011662407910261836
2022-06-03,0.013850859979136139
2022-06-06,0.0018214983363058748
2022-06-07,-0.001811226512546782
2022-06-08,0.01004479263389175
2022-06-09,0.01218268890465743
2022-06-10,0.0136401664227396
2022-06-13,0.03726467611903727
2022-06-14,0.003973299289857476
2022-06-15,-0.01910354799080581
2022-06-16,0.0042096268535129
2022-06-17,0.0037411329089051155
2022-06-21,-0.003013387738101162
2022-06-22,-0.004797989314009005
2022-06-23,-0.008665282040700297
2022-06-24,-0.007726381056368321
2022-06-27,0.0043029173167225335
2022-06-28,0.011630287290024964
2022-06-29,0.0005489473959386536
2022-06-30,-0.003371983531274957
2022-07-01,0.000178392494714435
2022-07-05,-0.00023056467135768857
2022-07-06,0.0032528497072842767
2022-07-07,-9.636572045963342e-05
2022-07-08,0.003535457763918155
2022-07-11,0.012434433868293996
2022-07-12,-0.0032144198505187115
2022-07-13,-0.004007863435510108
2022-07-14,0.007899125907717025
2022-07-15,-0.007768483625387619
2022-07-18,-0.005147998217539536
2022-07-19,-0.007679425704635035
2022-07-20,0.001987612063013165
2022-07-21,-0.012126376134121881
2022-07-22,-0.002696048318352252
2022-07-25,0.005963805156544283
2022-07-26,0.006188939874445084
2022-07-27,-0.013693565074566346
2022-07-28,-0.011937337182319466
2022-07-29,-0.005261032850498659
2022-08-01,-0.005660083761392047
2022-08-02,0.011296771037157954
2022-08-03,-0.004150215970410446
2022-08-04,-0.00754219155054646
2022-08-05,0.009370083601180454
2022-08-08,-0.0055431362740933935
2022-08-09,0.002924641406864022
2022-08-10,-0.012601833868663224
2022-08-11,0.004038734300275053
2022-08-12,-0.006182772919677797
2022-08-15,0.0062311824982772615
2022-08-16,0.0011775530514223848
2022-08-17,0.0068230422149464
2022-08-18,0.005688689901790049
2022-08-19,0.015227926591294783
2022-08-22,0.009569600492652736
2022-08-23,-0.0026769396259620436
2022-08-24,0.0010230410866894075
2022-08-25,-0.00838256153380496
2022-08-26,0.014141292174063574
2022-08-29,0.003742083410190198
2022-08-30,0.0038094810628938373
2022-08-31,0.0025285175437953747
2022-09-01,0.010666215064156803
2022-09-02,-0.00017956539709055054
2022-09-06,0.01273499406135881
2022-09-07,-0.012538773229585572
2022-09-08,0.0024450710532371986
2022-09-09,-0.014251914152313675
2022-09-12,-0.00933429326443766
2022-09-13,0.025159187161238626
2022-09-14,-0.004296940398731683
2022-09-15,0.009643814827461027
2022-09-16,2.5185162091894103e-05
2022-09-19,-0.00028810840812466506
2022-09-20,0.010311429637109766
2022-09-21,0.006505177348251817
2022-09-22,0.003269864670027833
2022-09-23,0.017625128574111488
2022-09-26,0.01563009770134147
2022-09-27,0.0046294799782241065
2022-09-28,-0.02253932765181135
2022-09-29,0.005286316781681191
2022-09-30,0.0041138704322297714
2022-10-03,-0.017623288811256944
2022-10-04,-0.017481352653326707
2022-10-05,0.007642139008197472
2022-10-06,0.007246924964399765
2022-10-07,0.011680478259946893
2022-10-10,0.009084218637354426
2022-10-11,0.0045691274709139616
2022-10-12,0.00042007367719854743
2022-10-13,-0.004237601215129772
2022-10-14,0.01315685803593005
2022-10-17,-0.010908730500726493
2022-10-18,-0.0025202440417562183
2022-10-19,0.010477801438933282
2022-10-20,0.0028623852294830414
2022-10-21,-0.01288870956961516
2022-10-24,0.0037766528575630086
2022-10-25,-0.01388650211067697
2022-10-26,-0.009183960111950325
2022-10-27,0.003719865657112093
2022-10-28,0.0014107538194544364
2022-10-31,0.008195199405608622
2022-11-01,-0.004694580007380284
2022-11-02,0.008053079415314711
2022-11-03,0.0050242690576973335
2022-11-04,-0.021622363612084784
2022-11-07,0.00034704165323739904
2022-11-08,-0.0038785503582735442
2022-11-09,0.014331793610872435
2022-11-10,-0.038370359465814075
2022-11-11,-0.01079692795219504
2022-11-14,0.005275955497215134
2022-11-15,-0.006726077508802823
2022-11-16,0.0007272411463726206
2022-11-17,0.005895627866912971
2022-11-18,0.0028508793825654487
2022-11-21,0.00903324801029413
2022-11-22,-0.008541192491136395
2022-11-23,-0.010563900959217715
2022-11-25,0.00048197883190569026
2022-11-28,0.007024656079206875
2022-11-29,-0.002106979922066772
2022-11-30,-0.0172199157293523
2022-12-01,-0.005028335039904452
2022-12-02,-0.001021721361069009
2022-12-05,0.005145160043619909
2022-12-06,-0.0004487317953396997
2022-12-07,-0.0015655869932409822
2022-12-08,-0.0006411290369128396
2022-12-09,0.0032291222267854316
2022-12-12,-0.0004594321609663086
2022-12-13,-0.005426081100560365
2022-12-14,-0.0009805392357887764
2022-12-15,0.003743764111481385
2022-12-16,0.0033206506744682526
2022-12-19,0.0024513613732356485
2022-12-20,-0.0007123722784773401
2022-12-21,-0.001082352344648217
2022-12-22,0.0014788064313075615
2022-12-23,0.0009517572285463148
2022-12-27,0.002380484698686879
2022-12-28,0.0024600459488523393
2022-12-29,-0.003445083823053792
2022-12-30,0.0004541670348440311
2023-01-03,-0.002443611182909613
2023-01-04,-0.0034688642789473603
2023-01-05,-0.0012281184074100873
2023-01-06,-0.000790559675448483
2023-01-09,-0.0010873750947382888
2023-01-10,0.0006824548003105949
2023-01-11,-0.002360653245236201
2023-01-12,-0.0010115512279326169
2023-01-13,0.0010674403939902283
2023-01-17,-0.001975012075172278
2023-01-18,-0.0027055551443406272
2023-01-19,0.0018267700096200406
2023-01-20,-0.0017551207224174373
2023-01-23,-0.0014515524736929066
2023-01-24,-0.00035041563001841095
2023-01-25,-4.4405730496494884e-05
2023-01-26,-0.00048639534031286885
2023-01-27,-0.0012102961239609268
2023-01-30,0.0010269233574246004
2023-01-31,-0.00026808871158018246
2023-02-01,0.002712308641044502
2023-02-02,-0.004780850469163642
2023-02-03,-0.005074899495201844
2023-02-06,-0.0005764413984424982
2023-02-07,-0.001015909307459201
2023-02-08,0.0003386057780998768
2023-02-09,0.0007648298140400889
2023-02-10,-0.00034494186311470024
2023-02-13,-0.0008296120416826691
2023-02-14,-0.0005070343426112657
2023-02-15,-0.0036608803720627643
2023-02-16,0.0013370371362603295
2023-02-17,0.0003168288474489271
2023-02-21,0.0007206289531012083
2023-02-22,-0.001504349725230121
2023-02-23,-0.0011986752865496505
2023-02-24,-0.002668262765061861
2023-02-27,0.0005264604837955706
2023-02-28,0.0005401708495272441
2023-03-01,0.002587820477152541
2023-03-02,0.0004922383472806825
2023-03-03,-0.0056355023600698105
2023-03-06,0.0013595081002859882
2023-03-07,0.0006452413252367327
2023-03-08,-0.0006720174064827874
2023-03-09,0.0006518409298968213
2023-03-10,-0.004382799083542143
2023-03-13,0.0007397430192478691
2023-03-14,0.0014087946015743141
2023-03-15,-0.004437033293369564
2023-03-16,0.0008337690786541828
2023-03-17,-0.0004252032910049263
2023-03-20,0.001162147717017158
2023-03-21,0.0011982140633192834
2023-03-22,-0.001962529793746195
2023-03-23,-0.0007389434462449356
2023-03-24,-0.0022769140904960526
2023-03-27,0.004039574765025069
2023-03-28,0.0005853439116424435
2023-03-29,-0.0009517052813774242
2023-03-30,-0.0012229378105857443
2023-03-31,-0.0037621185675298504
2023-04-03,-0.0033305932818624004
2023-04-04,0.004193013760928679
2023-04-05,-0.001128721684965117
2023-04-06,0.00012347431300200167
2023-04-10,-0.0009316311589557751
2023-04-11,0.00031297545054676716
2023-04-12,-0.00034076280319628475
2023-04-13,0.004731515159396797
2023-04-14,-0.0037420905048683537
2023-04-17,-0.0010013143226570642
2023-04-18,0.0017017041187705145
2023-04-19,0.0001154778436538781
2023-04-20,0.002431202109267305
2023-04-21,-0.0026639384255758994
2023-04-24,0.0001866458662585844
2023-04-25,0.0014566460891877147
2023-04-26,0.002771925112565833
2023-04-27,0.001611345386104843
2023-04-28,3.8744685246265635e-06
2023-05-01,-0.0025857130186450177
2023-05-02,0.009378318262969433
2023-05-03,0.005400066801372104
2023-05-04,-0.0014598094251884626
2023-05-05,-0.0023843735475622104
2023-05-08,-0.004020235092310576
2023-05-09,-0.0020284718239871945
2023-05-10,0.0019971800595726765
2023-05-11,-0.0024661554984906427
2023-05-12,-0.00017799213084962074
2023-05-15,-0.0005199343883527672
2023-05-16,-0.0027927035640413762
2023-05-17,-0.0009188806723613879
2023-05-18,0.00018047879256548238
2023-05-19,0.0027722640999870035
2023-05-22,-0.0008518155265608645
2023-05-23,-0.005333539199250021
2023-05-24,-0.006634794847430257
2023-05-25,0.003352802533375341
2023-05-26,0.005141851484286935
2023-05-30,0.006458572551128138
2023-05-31,0.0014375240664941272
2023-06-01,-0.001536743931413525
2023-06-02,0.0013446680074971312
2023-06-05,-0.0034779330862486557
2023-06-06,0.004890890301971151
2023-06-07,-0.008691621028198109
2023-06-08,0.007142817118976883
2023-06-09,0.0019188513123202379
2023-06-12,0.005371604801107727
2023-06-13,-0.004417930783593266
2023-06-14,-0.0013203322899382856
2023-06-15,0.0020442141248863386
2023-06-16,0.000619435389863539
2023-06-20,-0.001976158191760117
2023-06-21,-0.003591803182997967
2023-06-22,0.004135009925140199
2023-06-23,0.001804387346936794
2023-06-26,-0.0020010283094618496
2023-06-27,0.00786901703999306
2023-06-28,-0.0007752223152561819
2023-06-29,-0.0003610279026341971
2023-06-30,0.005135666837914655
2023-07-03,0.004760039739454621
2023-07-05,-0.0067614665458178
2023-07-06,-0.008262322314583175
2023-07-07,-0.002650245147239101
2023-07-10,-0.0003943498922140672
2023-07-11,-0.0004891552310439453
2023-07-12,0.0014803521488774094
2023-07-13,0.006419329715278607
2023-07-14,0.00018399378984609513
2023-07-17,0.002091953098821228
2023-07-18,-0.0014331892529169622
2023-07-19,0.00039719146498967174
2023-07-20,-0.004305770102271798
2023-07-21,0.0016492158577076014
2023-07-24,-0.004151657936660018
2023-07-25,0.0006300644943641003
2023-07-26,0.0010437502549832233
2023-07-27,-0.004507268428337419
2023-07-28,0.010854549123108759
2023-07-31,-0.0004957037388077205
2023-08-01,0.002233644188049997
2023-08-02,-0.008789701341539996
2023-08-03,0.003304293929479092
2023-08-04,-0.007415884416125685
2023-08-07,0.006720631050769815
2023-08-08,-0.005258607869004796
2023-08-09,-0.0026819689302266902
2023-08-10,0.008057767249723978
2023-08-11,-0.0013180096077573715
2023-08-14,0.002892385595066406
2023-08-15,-0.004813859305063327
2023-08-16,-0.001765189627140162
2023-08-17,-0.005980999455883039
2023-08-18,-0.0028193593708581415
2023-08-21,0.010730692313961641
2023-08-22,-0.00343937310822197
2023-08-23,-0.00047817578819913374
2023-08-24,-0.00367338081254725
2023-08-25,0.00402583222167257
2023-08-28,0.003953346429400474
2023-08-29,0.006923824869709988
2023-08-30,0.0019591582313335785
2023-08-31,-0.005807033672686617
2023-09-01,0.006437757868618222
2023-09-05,-0.0006878681718610616
2023-09-06,-0.004974436332071868
2023-09-07,-0.006435101771897509
2023-09-08,0.0012558288699807728
2023-09-11,0.007201356434276859
2023-09-12,-0.0035235164670159003
2023-09-13,5.1156788188569814e-05
2023-09-14,0.006844379727340639
2023-09-15,-0.001020677524509297
2023-09-18,0.0002248678481629069
2023-09-19,0.00016793326007182415
2023-09-20,-0.004847036147003745
2023-09-21,-0.0071375933995922606
2023-09-22,0.002495169466390539
2023-09-25,0.002474561589572662
2023-09-26,-0.009645203826867049
2023-09-27,0.0009598535407084057
2023-09-28,0.001891860513738283
2023-09-29,-0.003748450580375247
2023-10-02,0.00719088556452738
2023-10-03,0.0044232144175139635
2023-10-04,-0.013422242942850843
2023-10-05,-0.0046888653043181214
2023-10-06,0.003334722350732632
2023-10-09,-0.0014523351447443327
2023-10-10,-0.0008650816613526541
2023-10-11,-0.007082638080945023
2023-10-12,0.011563989532760941
2023-10-13,0.00023076501665058658
2023-10-16,0.0007335717650389976
2023-10-17,0.006011774463518756
2023-10-18,0.006180832449818463
2023-10-19,0.005930593289679955
2023-10-20,-0.007131839998145965
2023-10-23,-0.011799950768783558
2023-10-24,-0.005663933209501287
2023-10-25,0.008952663012264111
2023-10-26,-0.008025995964307952
2023-10-27,0.0016410737061374997
2023-10-30,-0.006517010134114708
2023-10-31,0.006705380053381722
2023-11-01,-0.006933754599465021
2023-11-02,-0.006377882374152051
2023-11-03,-0.013499385638477886
2023-11-06,0.004632428651424395
2023-11-07,-0.003980847763369604
2023-11-08,-0.004968333825316207
2023-11-09,0.00817931824212697
2023-11-10,0.0037299726494634403
2023-11-13,0.0007541395830818377
2023-11-14,-0.021344457376268514
2023-11-15,0.008937542417858935
2023-11-16,-0.011437597866297796
2023-11-17,-0.0014437142430432058
2023-11-20,-0.0015931923319444574
2023-11-21,-0.00025287996408232007
2023-11-22,0.003576880595998107
2023-11-24,-0.0014934427197447178
2023-11-27,-0.008812103780212348
2023-11-28,-0.0024168078714818333
2023-11-29,-0.0003547001314126325
2023-11-30,0.0036581557402107527
2023-12-01,0.0010305542043115737
2023-12-04,-0.0023566754488583176
2023-12-05,-0.0045360043244757845
2023-12-06,-0.005920747536725673
2023-12-07,0.00028007529297384816
2023-12-08,0.0027482397792329433
2023-12-11,-0.003375455476812181
2023-12-12,-0.000976878298523124
2023-12-13,0.008924335054286222
2023-12-14,0.0007916450331610705
2023-12-15,-0.009397099080555457
2023-12-18,0.008151748137568545
2023-12-19,0.007100146698644256
2023-12-20,-0.010285248982883487
2023-12-21,0.011846089978853065
2023-12-22,0.003865026556996478
2023-12-26,0.0013870990508748726
2023-12-27,0.0022991378619973187
2023-12-28,-0.0025375946829449
2023-12-29,-0.003049118466056419
2024-01-02,-0.007678278658472334
2024-01-03,-0.018173607999304613
2024-01-04,0.00014377920217378284
2024-01-05,-0.0012500778695471778
2024-01-08,0.015926335858346814
2024-01-09,-0.007527989799906144
2024-01-10,0.00852689802817003
2024-01-11,0.0025229523800203084
2024-01-12,-0.000574694888254847
2024-01-16,-0.014663022360177877
2024-01-17,-0.013401543670362719
2024-01-18,0.004273837280791228
2024-01-19,0.009982932631913985
2024-01-22,-0.009475027906226197
2024-01-23,0.0010309308872153563
2024-01-24,0.0031425376741233396
2024-01-25,0.0029662949075451067
2024-01-26,0.0022653844572601174
2024-01-29,0.013599726917219094
2024-01-30,-0.002068679393460166
2024-01-31,-0.008162748706761418
2024-02-01,0.01261470516085231
2024-02-02,0.0031631053470543473
2024-02-05,-0.007233184173387916
2024-02-06,0.003862097159319352
2024-02-07,0.0051970400226140755
2024-02-08,-0.002605077389153891
2024-02-09,0.004683689364299628
2024-02-12,0.005155091657594819
2024-02-13,-0.010227839629918179
2024-02-14,0.011975657149600624
2024-02-15,0.0033950722109156164
2024-02-16,-0.006084240346570358
2024-02-20,0.007231757458943134
2024-02-21,-0.0032576160504531712
2024-02-22,0.010850290610748013
2024-02-23,0.0041419087227704005
2024-02-26,0.006839386103737926
2024-02-27,0.0020843453997734123
2024-02-28,0.008808253051595678
2024-02-29,0.0017194540785639497
2024-03-01,0.016307240317427495
2024-03-04,0.007308378521785069
2024-03-05,-0.009479570463560969
2024-03-06,0.012011090528185197
2024-03-07,0.006717161926086238
2024-03-08,-0.0031814470953176756
2024-03-11,0.0023363922987545325
2024-03-12,0.0056921632109282055
2024-03-13,-0.0010397680647999056
2024-03-14,-0.004991263425699655
2024-03-15,-0.008366427499732236
2024-03-18,0.0001138222936412068
2024-03-19,-0.002950143433940184
2024-03-20,0.02000764304089545
2024-03-21,0.0025691426018333717
2024-03-22,-0.004015108696074279
2024-03-25,0.00690694318559211
2024-03-26,0.0019024486787279139
2024-03-27,0.0045266800733172125
2024-03-28,0.004041037199702607
2024-04-01,0.004657226745776052
2024-04-02,-0.0003141879309061773
2024-04-03,0.008927542453509437
2024-04-04,-0.009093525622572967
2024-04-05,0.014084309288436786
2024-04-08,0.013485673538843113
2024-04-09,-0.0012479089038848381
2024-04-10,-0.002184263277307103
2024-04-11,0.012540741929094311
2024-04-12,-0.02161316724833087
2024-04-15,-0.0002976105850668949
2024-04-16,-0.005356288796553164
2024-04-17,-0.012553108216903888
2024-04-18,0.004143344973951785
2024-04-19,-0.0036733315569029024
2024-04-22,0.002329246983388455
2024-04-23,0.008163428352738296
2024-04-24,-0.0009804291317001205
2024-04-25,0.0018118608583614615
2024-04-26,0.012826868248644279
2024-04-29,-0.0011427614612766425
2024-04-30,-0.020254217573812603
2024-05-01,-0.0071548699697743835
2024-05-02,-0.0010574666250393714
2024-05-03,0.006799146087357036
2024-05-06,0.012363463858288624
2024-05-07,-0.0013934464674272024
2024-05-08,0.0016145977512924065
2024-05-09,0.010061554778466961
2024-05-10,-0.0007019546751406642
2024-05-13,0.003101894669986269
2024-05-14,0.0018934806905689027
2024-05-15,0.012375891953869289
2024-05-16,-0.0011488114249176892
2024-05-17,0.016651769418897237
2024-05-20,0.014319729116755888
2024-05-21,-0.0012689478573584979
2024-05-22,-0.01087513162745126
2024-05-23,-0.009177640345913125
2024-05-24,0.004252936469163433
2024-05-28,0.013360926928025072
2024-05-29,-0.007787354265523118
2024-05-30,-0.00870762605964419
2024-05-31,-0.0035866333405061165
2024-06-03,-0.0032853700330621426
2024-06-04,-0.011235134181834874
2024-06-05,0.014593440157365963
2024-06-06,0.007554426017365973
2024-06-07,-0.013640808839506203
2024-06-10,0.009577446631185515
2024-06-11,-0.0074151712268882
2024-06-12,0.009177907028704819
2024-06-13,-0.009973030665597595
2024-06-14,0.001342191346605375
2024-06-17,0.008555234601326313
2024-06-18,0.0026479599062438084
2024-06-20,0.00720056449563194
2024-06-21,-0.008520387283897903
2024-06-24,-0.002645071376099743
2024-06-25,-0.00105644039861628
2024-06-26,0.0013712282378216215
2024-06-27,0.005272055535753781
2024-06-28,0.000600458305600714
2024-07-01,0.013638709381584891
2024-07-02,0.0004304321161058275
2024-07-03,0.0034914352089334528
2024-07-05,0.00028938310987187943
2024-07-08,-0.005215642775316233
2024-07-09,0.002103723395305168
2024-07-10,0.006559110353392924
2024-07-11,-0.009323412852645227
2024-07-12,-0.003937094612255481
2024-07-15,0.004189523794029674
2024-07-16,0.0026445782629780134
2024-07-17,-0.018398115316836296
2024-07-18,-0.0024560856845104945
2024-07-19,-0.009208393108585011
2024-07-22,0.0059603103131487985
2024-07-23,-0.006462416379286188
2024-07-24,-0.015596375042399068
2024-07-25,-0.010477327073988327
2024-07-26,0.002542237877896637
2024-07-29,-0.0021172670241431197
2024-07-30,-0.004849771524949475
2024-07-31,0.012700430645128553
2024-08-01,-0.014380827747094045
2024-08-02,-0.008790188087044966
2024-08-05,-0.03385916237649066
2024-08-06,0.0008148056228733284
2024-08-07,-0.00405648072711068
2024-08-08,0.027640470051687124
2024-08-09,0.002989777858780035
2024-08-12,0.007099385124097474
2024-08-13,0.014390031615571307
2024-08-14,-0.0015817925600925499
2024-08-15,0.007762047306252407
2024-08-16,0.010637010230417155
2024-08-19,0.010024496693245653
2024-08-20,-0.0011522827145968263
2024-08-21,0.006668049635746754
2024-08-22,-0.011838004015883275
2024-08-23,0.019806029120689635
2024-08-26,-0.005690736043126465
2024-08-27,-0.0032645787193393296
2024-08-28,-0.007343306095679722
2024-08-29,0.0003263202582581896
2024-08-30,-0.0001740143083654473
2024-09-03,-0.006028428810617468
2024-09-04,0.004432897298390733
2024-09-05,0.0042299527715532
2024-09-06,-0.009930582012919844
2024-09-09,0.004933498793452496
2024-09-10,0.0045397627022901385
2024-09-11,0.004858420560672456
2024-09-12,0.006353450743117624
2024-09-13,0.004784405948872649
2024-09-16,0.005472818440806157
2024-09-17,-0.004912278415526135
2024-09-18,-0.006394184971669953
2024-09-19,0.012474879188794535
2024-09-20,-0.0017428573181493196
2024-09-23,0.0004973188049713046
2024-09-24,0.010051602711038835
2024-09-25,-0.005107118567208795
2024-09-26,0.012729075690376693
2024-09-27,-0.0020360238426845915
2024-09-30,-0.004881533320591195
2024-10-01,-0.006807453411567925
2024-10-02,-0.004884106217803935
2024-10-03,-0.012716071572151455
2024-10-04,-0.0056612406492175405
2024-10-07,-0.01037494312711261
2024-10-08,0.0038034750206372443
2024-10-09,-0.0032049443296766128
2024-10-10,-0.0034391564798931375
2024-10-11,0.004554899467034602
2024-10-14,0.0025221524194977115
2024-10-15,0.0026081728380103046
2024-10-16,0.0034365188899088957
2024-10-17,-0.005698990305399713
2024-10-18,0.014261668540431144
2024-10-21,-0.012688200127507708
2024-10-22,-0.0031272883278116574
2024-10-23,-0.011297088581225493
2024-10-24,0.008126404485604683
2024-10-25,-0.005424820110044785
2024-10-28,0.008797391665649522
2024-10-29,0.0047868751146846805
2024-10-30,-0.0058398813619225595
2024-10-31,-0.012132322202848227
2024-11-01,0.00043519413861488245
2024-11-04,-0.0018035450113397476
2024-11-05,0.007822088956768917
2024-11-06,-0.0029281789509155937
2024-11-07,0.011227844210879846
2024-11-08,-0.004449143496156308
2024-11-11,0.002195712148441874
2024-11-12,-0.007096133483925386
2024-11-13,-0.0030055881103584424
2024-11-14,-0.0031131071807557653
2024-11-15,-0.003927716688397038
2024-11-18,0.005756504752962827
2024-11-19,0.003914878379492149
2024-11-20,0.0006729036241757492
2024-11-21,9.81708077789213e-05
2024-11-22,0.003525205744174907
2024-11-25,-0.0023659747608272943
2024-11-26,0.0001438367983765038
2024-11-27,-0.00026596642556675823
2024-11-29,0.007526522463770598
2024-12-02,0.00415619717795089
2024-12-03,-0.0019832631196199362
2024-12-04,0.00813801827322045
2024-12-05,-0.006170052383258463
2024-12-06,0.0060075973514756515
2024-12-09,-0.0002039626368753719
2024-12-10,0.0011895798196509455
2024-12-11,0.006329597281598903
2024-12-12,-0.004431272252374945
2024-12-13,-0.0035830670568981838
2024-12-16,0.005036175204763686
2024-12-17,-0.0005629190842690102
2024-12-18,-0.00979832705041961
2024-12-19,-0.001848736149656532
2024-12-20,0.002065417453058946
2024-12-23,0.0017066684488509076
2024-12-24,0.00679919230609221
2024-12-26,-0.0016474794500269904
2024-12-27,-0.008748042009049719
2024-12-30,-0.005059168611535833
2024-12-31,0.0006285980876089588
2025-01-02,0.007086997504041895
2025-01-03,0.0027518293704028507
2025-01-06,-0.001158247403078847
2025-01-07,-0.0014554149681833153
2025-01-08,0.0016334123366663332
2025-01-10,0.002834517860507751
2025-01-13,0.0022237328641065983
2025-01-14,-0.00448279848917913
2025-01-15,0.0020672282390707406
2025-01-16,-0.003741793146319022
2025-01-17,0.008210610637308238
2025-01-21,-0.010803994364933133
2025-01-22,0.004065042055108784
2025-01-23,0.002007287501741624
2025-01-24,-0.0072448147058926625
2025-01-27,-0.00978736445181777
2025-01-28,0.00690249387266469
2025-01-29,0.0008959144240572698
2025-01-30,-0.00021800262194760032
2025-01-31,0.003988698087069594
2025-02-03,-0.0047704002110043565
2025-02-04,-0.00453514083585338
2025-02-05,-0.006784004176290918
2025-02-06,-0.0018625313864224094
2025-02-07,0.0003710934531749381
2025-02-10,0.015044274402791746
2025-02-11,-0.0009519192659615717
2025-02-12,0.004673930938782199
2025-02-13,-0.0053844415421712075
2025-02-14,-0.005131785962955709
2025-02-18,0.011089499527217092
2025-02-19,0.002652393011739864
2025-02-20,-0.00744464300379218
2025-02-21,-0.01501992772264115
2025-02-24,-0.006440738384401614
2025-02-25,-0.018322057285759346
2025-02-26,-0.004578400757412436
2025-02-27,-0.0017036826355311993
2025-02-28,0.0014257544998349725
2025-03-03,-0.008134524927821178
2025-03-04,-0.005889050744209836
2025-03-05,-0.0018179921193531064
2025-03-06,-0.008707092838578418
2025-03-07,0.0016251083574319923
2025-03-10,-0.01136639227026658
2025-03-11,0.00040548928632284627
2025-03-12,0.006898077438764218
2025-03-13,0.00276550372134309
2025-03-14,0.007438874159793292
2025-03-17,0.004883739653603188
2025-03-18,-0.00336587257863957
2025-03-19,0.005820052533401064
2025-03-20,0.0007359585995097104
2025-03-21,-0.0021099660741162834
2025-03-24,0.0037240032327380047
2025-03-25,0.003397253682931158
2025-03-26,-0.0015452450931015005
2025-03-27,0.0027751451733579275
2025-03-28,-0.0075403053018726724
2025-03-31,0.007941038055281496
2025-04-01,-0.0025451032090283553
2025-04-02,0.003241107484939017
2025-04-03,-0.011547152541559776
2025-04-04,-0.018547652890496383
2025-04-07,-0.010243655684155932
2025-04-08,-0.0033946355263462205
2025-04-09,0.011707064498050652
2025-04-10,0.006042431016505374
2025-04-11,0.011388206215969587
2025-04-14,0.0005665813291743681
2025-04-15,0.0021890826232399815
2025-04-16,0.013425463072436677
2025-04-17,0.0012382932621798307
2025-04-21,0.006195059833428639
2025-04-22,-0.006133654059040994
2025-04-23,-0.004657841790803168
2025-04-24,0.006014310682566145
2025-04-25,-0.00348357006891877
2025-04-28,0.0033059628342796896
2025-04-29,-0.005911789951217145
2025-04-30,-0.007218807706170546
2025-05-01,-0.012476984958045384
2025-05-02,0.0007836592222444763
2025-05-05,0.007746118360773376
2025-05-06,0.0052946902288551
2025-05-07,-0.004088710218750181
2025-05-08,-0.02010977967348099
2025-05-09,0.0004932456954312952
2025-05-12,-0.019386183680841926
2025-05-13,-0.00046434487746003865
2025-05-14,-0.0026452020478317305
2025-05-15,0.010106605620566839
2025-05-16,-0.0030979816412904622
2025-05-19,0.006986916505211613
2025-05-20,0.002699815870901704
2025-05-21,0.002443921030055023
2025-05-22,-0.0021853137965564557
2025-05-23,0.008846066383789273
2025-05-27,-0.003514737142410569
2025-05-28,-0.004998754221009618
2025-05-29,0.007730212031981431
2025-05-30,0.0018616021313862885
2025-06-02,0.00785507569595144
2025-06-03,-0.006027499347506308
2025-06-04,0.0050801956503835205
2025-06-05,-0.0008692438619700745
2025-06-06,-0.003960454671843254
2025-06-09,0.005259686696419439
2025-06-10,0.00018831484046586203
2025-06-11,-0.002926924655897838
2025-06-12,0.004748787923116652
2025-06-13,-0.01084667398250595
2025-06-16,0.0024094395830052714
2025-06-17,-0.010065265180883635
2025-06-18,-0.0020997460870195873
2025-06-20,-0.0041617398157398865
2025-06-23,0.015468994989012459
2025-06-24,0.010546674539523597
2025-06-25,0.0019263109412594854
2025-06-26,0.004459905262181277
2025-06-27,-0.002300896847230758
2025-06-30,0.004656299631622114
2025-07-01,-0.0016142456002203828
2025-07-02,0.002746123404249741
2025-07-03,-0.00219407896400662
2025-07-07,-0.009036301725915198
2025-07-08,-0.0017346599357391367
2025-07-09,0.0035947966250512962
2025-07-10,0.003875961441419836
2025-07-11,-0.002495143418979762
2025-07-14,0.000248507898206546
2025-07-15,-0.008185419884485911
2025-07-16,0.005829435278123787
2025-07-17,-0.0018063627507564819
2025-07-18,0.00040712232902794833
2025-07-21,0.010464241189633683
2025-07-22,0.007822577652768226
2025-07-23,0.003735542483269937
2025-07-24,-0.005368595984014425
2025-07-25,-0.0028255429507609373
2025-07-28,-0.013335279868593624
2025-07-29,-0.0030234753171242065
2025-07-30,-0.014356738243739932
2025-07-31,-0.003684229487307595
2025-08-01,-0.006395133020980638
2025-08-04,0.009384543396046097
2025-08-05,-0.0039459482853940585
2025-08-06,0.004976961387790009
2025-08-07,0.007018183107208808
2025-08-08,0.0026813463591818867
2025-08-11,-0.0010878744110854569
2025-08-12,0.009872360228022771
2025-08-13,0.006767763837646353
2025-08-14,-0.0059989946591716
2025-08-15,-0.0009430709638798192
2025-08-18,-0.0012037428006645104
2025-08-19,-0.010240696250987266
2025-08-20,0.006934205760730845
2025-08-21,-0.0033062098763149235
2025-08-22,0.020660346493905444
2025-08-25,-0.010952114562259512
2025-08-26,0.0017328728287826502
2025-08-27,-0.0008041644460329827
2025-08-28,0.0063950983644417
2025-08-29,-0.0037064441945850084
2025-09-02,0.0028155259639149584
2025-09-03,0.005120084077602654
2025-09-04,-0.00041638055946778714
2025-09-05,0.006207146810149545
2025-09-08,0.00859755024483152
2025-09-09,-0.002358000969254046
2025-09-10,0.004674709303629079
2025-09-11,0.007656739885751468
2025-09-12,0.003402636066683538
2025-09-15,0.006439104452542199
2025-09-16,0.004153228663314137
2025-09-17,-0.005692814786645757
2025-09-18,-7.696840546709909e-05
2025-09-19,0.0008974787582246693
2025-09-22,0.004533142789451546
2025-09-23,0.00024858894077490383
2025-09-24,-0.004953520314799613
2025-09-25,-0.005553687026969376
2025-09-26,0.007151507990509625
2025-09-29,0.010086897584134159
2025-09-30,0.0017659888562955115
2025-10-01,0.009822724588137542
2025-10-02,0.002600628112022299
2025-10-03,0.005223463178292003
2025-10-06,0.010111450406210521
2025-10-07,-0.004891670671725568
2025-10-08,0.011037252939449712
2025-10-09,-0.008841194967133816
2025-10-10,-0.02125151473406492
2025-10-13,0.024549451858045017
2025-10-14,-0.003970145590263733
2025-10-15,0.007684667739865758
2025-10-16,0.0052981648729264075
2025-10-17,-0.0077013222926787745
2025-10-20,0.01933021221880168
2025-10-21,-0.02208759136731463
2025-10-22,-0.0012809689518337225
2025-10-23,0.007232892304783878
2025-10-24,0.004788962373068823
2025-10-27,0.0023811553068179164
2025-10-28,-0.0016751053901648736
2025-10-29,-0.0032153307415924842
2025-10-30,-0.002306681753535067
2025-10-31,0.0007496593078153768
2025-11-03,-0.000674154861099828
2025-11-04,-0.015348814299618447
2025-11-05,0.003905799794544397
2025-11-06,-0.005508251970547615
2025-11-07,0.0035342571382740917
2025-11-10,0.018203824481890285
2025-11-11,0.004206283089699693
2025-11-12,0.004157913493178611
2025-11-13,-0.016150004733082493
2025-11-14,-0.007320478696010203
2025-11-17,-0.006665188392972441
2025-11-18,0.0006467059236102486
2025-11-19,0.0004696997434263249
2025-11-20,-0.011391862025366966
2025-11-21,0.0012392693008383732
2025-11-24,0.01622888441445825
2025-11-25,0.0030040013384931797
2025-11-26,0.012310807966877172
2025-11-28,0.008099339215083604
2025-12-01,-0.0016364193698975692
2025-12-02,-0.0012093628267471571
2025-12-03,0.00025461467845928334
2025-12-04,-0.0024095647164892333
2025-12-05,0.004098365267590006
2025-12-08,-0.004856188406967246
2025-12-09,0.0023971814368927633
2025-12-10,0.007708140603968174
2025-12-11,0.0030657705816562056
2025-12-12,-0.008839239653857049
2025-12-15,0.004132836734607022
2025-12-16,-0.002596334920842173
2025-12-17,0.002200964983354312
2025-12-18,0.0054134216227577445
2025-12-19,0.007194262594373816
2025-12-22,0.005630235550780017
2025-12-23,0.008162871697451118
2025-12-24,0.002771038424679556
2025-12-26,0.010666277815396556
2025-12-29,-0.010683270016194912
2025-12-30,0.0018646410123580232
2025-12-31,-0.01210727384623047
2026-01-02,0.005567093950092267
2026-01-05,0.011477719165236712
2026-01-06,0.009958859150077555
2026-01-07,-0.002679659842075838
2026-01-08,-0.0033884227813164498
2026-01-09,0.009322385182587198
2026-01-12,0.009535582751181104
2026-01-13,-0.004746002601264834
2026-01-14,0.005724692936926212
2026-01-15,0.0005676234903372959
2026-01-16,-0.005605805782920223
2026-01-20,0.0026862769500621635
2026-01-21,0.009536536168301217
2026-01-22,0.009872186075513175
2026-01-23,0.0074010471151646166
2026-01-26,0.009678470655563274
2026-01-27,0.009229983080932435
2026-01-28,0.007170177309576525
2026-01-29,0.0033855752870193003
2026-01-30,-0.039629053247222594
2026-02-02,-0.004241631097318322
2026-02-03,0.014454455084618947
2026-02-04,0.00042713411088500736
2026-02-05,-0.0027009895784706767
2026-02-06,0.007421473251692108
2026-02-09,0.013687743533692738
2026-02-10,-4.505911888288928e-05
2026-02-11,0.006849183324221405
2026-02-12,-0.013139592245545928
2026-02-13,0.0014769303862067255
2026-02-17,-0.005076939501697711
2026-02-18,0.007461947038819097
2026-02-19,0.0002837924618097036
2026-02-20,0.009316218019321185
2026-02-23,0.005164189334949475
2026-02-24,0.002471267529471995
2026-02-25,-0.000339610038294079
2026-02-26,-0.000854283177053788
2026-02-27,0.007875551912939162
2026-03-02,-0.008416589279263321
2026-03-03,-0.01749106759566472
2026-03-04,0.001841638624432474
2026-03-05,-0.004251649291510485
2026-03-06,0.012550807637952126
2026-03-09,0.004646869316315301
2026-03-10,0.0004572356009390489
2026-03-11,-0.0024477622513968088
2026-03-12,-0.005344523033055549
2026-03-13,-0.010257562675075998
2026-03-16,0.004208282608310182
2026-03-17,0.008334929612597287
2026-03-18,-0.008964505776309915
2026-03-19,-0.004909996578875909
2026-03-20,-0.019739664334064617
2026-03-23,0.0007000523619144907
2026-03-24,-0.0010076017349700517
2026-03-25,0.010679912723631111
2026-03-26,-0.01522440141186196
2026-03-27,0.0063999429773044444
2026-03-30,0.004629237346827881
2026-03-31,0.018002051353927073
2026-04-01,-0.0006400321622264323
2026-04-02,0.00709524679657414
2026-04-06,-0.0004353940199050228
2026-04-07,-0.003455301580173509
2026-04-08,-0.00237810617227551
2026-04-09,0.000952512105472961
2026-04-10,-0.0021253213107478497
2026-04-13,0.001018008624491135
2026-04-14,0.0011382683435685863
2026-04-15,-0.003008972603444845
2026-04-16,0.002699340920158795
2026-04-17,-0.0044105579849587385
2026-04-20,0.002181684066131798
2026-04-21,0.0005124023365924613
2026-04-22,0.0029461008673240083
2026-04-23,0.0008356957803461797
2026-04-24,0.0006502004090337897
2026-04-27,6.868279376860895e-06
2026-04-28,0.00122272162284882
2026-04-29,0.005329954202968969
2026-04-30,-0.004047430899793134
2026-05-01,-0.0020648110016352186
2026-05-04,0.00149179099268812
2026-05-05,0.00424596099928876
2026-05-06,-3.3999705188964464e-05
2026-05-07,0.0004377725576176597
2026-05-08,0.005116614744223658
2026-05-11,0.007121837195083726
2026-05-12,0.0035930123164080144
2026-05-13,0.0054199624774845705
2026-05-14,0.0009770836527043902
2026-05-15,-0.0008267690940898765
2026-05-18,0.0032908829288799176
2026-05-19,0.0005040303117602884
2026-05-20,-0.001542818204095814
2026-05-21,-3.1966044754206646e-05
2026-05-22,0.00017365032393545595
2026-05-26,0.003778949182951151
2026-05-27,-0.004109346447127173
2026-05-28,0.001436064454887573
2026-05-29,-0.0005297036727829146
2026-06-01,0.009378966399620084
2026-06-02,0.005624696222200427
2026-06-03,0.0013817292455902148
2026-06-04,-0.0034494655728871653
2026-06-05,-0.019413013526968295
2026-06-08,0.005840276809492328
2026-06-09,-0.005836205936865705
2026-06-10,-0.006409580473779469
2026-06-11,0.0062345239587659265
2026-06-12,0.0014908180796867722
2026-06-15,0.007794498676312508
2026-06-16,-0.009274206262563546
2026-06-17,-0.0022504515608230643
2026-06-18,0.010775741886217844
2026-06-22,-0.0008141943414899421
2026-06-23,-0.015492877616046664
2026-06-24,-0.007312746891690011
2026-06-25,0.007007503426365633
2026-06-26,-0.008030586365479306
2026-06-29,0.006197029744240762
2026-06-30,0.010051630438948883
2026-07-01,-0.00902256110735588
2026-07-02,-0.012888703054979845
2026-07-06,0.0037554388066983165
2026-07-07,-0.005268908245249794
2026-07-08,0.0016426205485385132
2026-07-09,0.0032328378423162785
2026-07-10,-0.001042156085589592
2026-07-13,0.00021707413523504716
2026-07-14,-0.0036603370749213626
2026-07-15,-0.0012331226326169076
2026-07-16,-0.0009041198692947634
2026-07-17,-0.0034048634823604673
2026-07-20,-0.003236035999078094
2026-07-21,0.00843006565165652
2026-07-22,-0.0024640592150507474
2026-07-23,0.0009686870665616236
2026-07-24,-0.0006586273204230506
2026-07-27,-0.0002523413320874449
2026-07-28,-0.002497312838483381
2026-07-29,-0.015388639452689049
2026-07-30,-0.003983792903955215
2026-07-31,0.0023860452224439884
